Tamanio,Iteracion,Ntiradas_Ganar,LineaGanadora
9,0,81,N
9,1,81,N
9,2,81,N
9,3,81,N
9,4,81,N
9,5,81,N
9,6,81,N
9,7,81,N
9,8,81,N
9,9,81,N
9,10,81,N
9,11,81,N
9,12,81,N
9,13,81,N
9,14,81,N
9,15,81,N
9,16,81,N
9,17,81,N
9,18,81,N
9,19,81,N
9,20,81,N
9,21,81,N
9,22,81,N
9,23,81,N
9,24,81,N
9,25,81,N
9,26,81,N
9,27,81,N
9,28,81,N
9,29,81,N
9,30,81,N
9,31,81,N
9,32,81,N
9,33,81,N
9,34,81,N
9,35,81,N
9,36,81,N
9,37,81,N
9,38,81,N
9,39,81,N
9,40,81,N
9,41,81,N
9,42,81,N
9,43,81,N
9,44,81,N
9,45,81,N
9,46,81,N
9,47,81,N
9,48,81,N
9,49,81,N
9,50,81,N
9,51,81,N
9,52,81,N
9,53,81,N
9,54,81,N
9,55,70,V
9,56,81,N
9,57,81,N
9,58,81,N
9,59,78,H
9,60,81,N
9,61,81,N
9,62,81,N
9,63,81,N
9,64,81,N
9,65,81,N
9,66,81,N
9,67,81,N
9,68,81,N
9,69,81,N
9,70,81,N
9,71,81,N
9,72,81,N
9,73,81,N
9,74,81,N
9,75,81,N
9,76,81,N
9,77,81,N
9,78,81,N
9,79,81,N
9,80,81,N
9,81,81,N
9,82,81,N
9,83,81,N
9,84,80,V
9,85,81,N
9,86,81,V
9,87,81,N
9,88,81,N
9,89,81,N
9,90,81,N
9,91,81,N
9,92,81,N
9,93,81,N
9,94,81,N
9,95,81,N
9,96,81,N
9,97,81,N
9,98,81,N
9,99,81,N
9,100,81,N
9,101,81,N
9,102,81,N
9,103,81,N
9,104,81,N
9,105,81,N
9,106,81,N
9,107,81,N
9,108,81,N
9,109,81,N
9,110,81,N
9,111,81,N
9,112,81,N
9,113,81,N
9,114,76,V
9,115,81,N
9,116,81,N
9,117,81,N
9,118,81,N
9,119,81,N
9,120,81,N
9,121,81,N
9,122,81,N
9,123,81,N
9,124,81,N
9,125,81,N
9,126,81,N
9,127,81,N
9,128,81,N
9,129,81,N
9,130,81,N
9,131,81,N
9,132,81,N
9,133,81,N
9,134,81,N
9,135,81,N
9,136,81,N
9,137,81,N
9,138,81,N
9,139,81,N
9,140,81,N
9,141,81,N
9,142,81,N
9,143,81,N
9,144,81,N
9,145,81,N
9,146,60,V
9,147,81,N
9,148,81,N
9,149,81,N
9,150,78,H
9,151,81,N
9,152,81,N
9,153,81,N
9,154,81,N
9,155,81,N
9,156,81,N
9,157,81,N
9,158,81,N
9,159,81,N
9,160,81,N
9,161,81,N
9,162,81,N
9,163,81,N
9,164,81,N
9,165,81,N
9,166,81,N
9,167,81,N
9,168,81,N
9,169,81,N
9,170,81,N
9,171,81,N
9,172,81,N
9,173,81,N
9,174,81,N
9,175,81,N
9,176,81,N
9,177,81,N
9,178,81,N
9,179,81,N
9,180,81,N
9,181,81,N
9,182,81,N
9,183,81,N
9,184,81,N
9,185,80,H
9,186,81,N
9,187,77,D
9,188,81,N
9,189,81,N
9,190,81,N
9,191,81,N
9,192,81,N
9,193,81,N
9,194,81,N
9,195,81,N
9,196,80,V
9,197,76,V
9,198,81,N
9,199,81,N
9,200,81,N
9,201,81,N
9,202,81,N
9,203,81,N
9,204,81,N
9,205,81,N
9,206,81,N
9,207,81,N
9,208,81,N
9,209,81,N
9,210,81,N
9,211,81,N
9,212,80,H
9,213,81,N
9,214,81,N
9,215,81,N
9,216,81,N
9,217,81,N
9,218,81,N
9,219,73,H
9,220,81,N
9,221,81,N
9,222,81,N
9,223,81,N
9,224,81,N
9,225,81,N
9,226,81,N
9,227,81,N
9,228,81,N
9,229,81,N
9,230,81,N
9,231,81,N
9,232,81,N
9,233,81,N
9,234,81,N
9,235,81,N
9,236,81,N
9,237,81,N
9,238,81,N
9,239,81,N
9,240,81,N
9,241,81,N
9,242,81,N
9,243,81,N
9,244,81,N
9,245,81,N
9,246,81,N
9,247,81,N
9,248,81,N
9,249,81,N
9,250,81,N
9,251,81,N
9,252,81,N
9,253,81,N
9,254,81,N
9,255,81,N
9,256,81,N
9,257,81,N
9,258,74,H
9,259,81,N
9,260,81,N
9,261,81,N
9,262,81,N
9,263,81,N
9,264,68,V
9,265,81,N
9,266,81,N
9,267,81,N
9,268,81,N
9,269,81,N
9,270,81,N
9,271,81,N
9,272,81,N
9,273,81,N
9,274,81,N
9,275,81,N
9,276,81,N
9,277,81,N
9,278,81,N
9,279,81,N
9,280,81,N
9,281,81,N
9,282,81,N
9,283,81,N
9,284,81,N
9,285,81,N
9,286,64,V
9,287,81,N
9,288,81,N
9,289,81,N
9,290,81,N
9,291,81,N
9,292,81,N
9,293,81,N
9,294,73,H
9,295,81,N
9,296,81,N
9,297,81,N
9,298,80,H
9,299,81,N
9,300,81,N
9,301,81,N
9,302,81,N
9,303,81,N
9,304,81,N
9,305,81,N
9,306,81,N
9,307,81,N
9,308,81,N
9,309,81,N
9,310,81,N
9,311,81,N
9,312,81,N
9,313,81,N
9,314,81,N
9,315,81,N
9,316,81,N
9,317,81,N
9,318,81,N
9,319,81,N
9,320,81,N
9,321,81,N
9,322,81,N
9,323,81,N
9,324,81,N
9,325,81,N
9,326,81,N
9,327,81,N
9,328,81,N
9,329,81,N
9,330,81,N
9,331,81,N
9,332,81,N
9,333,81,N
9,334,81,N
9,335,81,N
9,336,81,N
9,337,81,N
9,338,81,N
9,339,81,N
9,340,81,N
9,341,81,N
9,342,81,N
9,343,81,N
9,344,81,N
9,345,81,N
9,346,81,N
9,347,81,N
9,348,81,N
9,349,81,N
9,350,81,N
9,351,81,N
9,352,81,N
9,353,80,D
9,354,81,N
9,355,81,N
9,356,81,N
9,357,81,N
9,358,81,N
9,359,81,N
9,360,81,N
9,361,81,N
9,362,81,N
9,363,81,N
9,364,81,N
9,365,81,N
9,366,81,N
9,367,81,N
9,368,81,N
9,369,81,N
9,370,81,N
9,371,81,N
9,372,81,N
9,373,81,N
9,374,81,N
9,375,81,N
9,376,81,N
9,377,81,N
9,378,81,N
9,379,81,N
9,380,81,N
9,381,81,N
9,382,81,N
9,383,81,N
9,384,81,N
9,385,81,N
9,386,81,N
9,387,81,N
9,388,81,N
9,389,69,H
9,390,81,N
9,391,81,N
9,392,81,N
9,393,73,V
9,394,81,N
9,395,81,N
9,396,81,N
9,397,81,N
9,398,81,V
9,399,81,N
9,400,81,N
9,401,81,N
9,402,81,N
9,403,81,N
9,404,81,N
9,405,81,N
9,406,81,N
9,407,81,N
9,408,81,N
9,409,81,N
9,410,81,N
9,411,81,N
9,412,81,N
9,413,81,N
9,414,81,N
9,415,81,N
9,416,81,N
9,417,81,N
9,418,81,N
9,419,81,N
9,420,81,N
9,421,81,N
9,422,81,N
9,423,81,N
9,424,81,N
9,425,81,N
9,426,81,N
9,427,81,N
9,428,81,N
9,429,81,N
9,430,81,N
9,431,81,N
9,432,81,N
9,433,81,N
9,434,81,N
9,435,81,N
9,436,81,N
9,437,81,N
9,438,81,N
9,439,81,N
9,440,80,H
9,441,81,N
9,442,81,N
9,443,81,N
9,444,81,N
9,445,81,N
9,446,81,N
9,447,81,N
9,448,81,N
9,449,81,N
9,450,81,N
9,451,81,N
9,452,79,V
9,453,81,N
9,454,81,N
9,455,81,N
9,456,81,N
9,457,81,N
9,458,81,N
9,459,81,N
9,460,81,N
9,461,77,V
9,462,81,N
9,463,81,N
9,464,81,N
9,465,81,N
9,466,81,N
9,467,81,N
9,468,81,N
9,469,81,N
9,470,81,N
9,471,73,V
9,472,81,N
9,473,81,N
9,474,81,N
9,475,81,V
9,476,81,N
9,477,81,N
9,478,81,N
9,479,81,N
9,480,81,N
9,481,81,N
9,482,81,N
9,483,81,N
9,484,81,N
9,485,81,N
9,486,81,N
9,487,81,N
9,488,81,N
9,489,81,N
9,490,73,V
9,491,81,N
9,492,81,N
9,493,81,N
9,494,81,N
9,495,81,N
9,496,81,N
9,497,81,N
9,498,81,N
9,499,81,N
9,500,81,N
9,501,81,N
9,502,81,N
9,503,81,N
9,504,81,N
9,505,81,N
9,506,81,N
9,507,81,N
9,508,81,N
9,509,81,N
9,510,81,N
9,511,81,N
9,512,81,N
9,513,81,N
9,514,81,N
9,515,81,N
9,516,81,N
9,517,81,N
9,518,81,N
9,519,81,N
9,520,81,N
9,521,81,N
9,522,81,N
9,523,81,N
9,524,81,N
9,525,81,N
9,526,81,N
9,527,81,N
9,528,81,N
9,529,81,N
9,530,76,H
9,531,81,N
9,532,81,N
9,533,81,N
9,534,81,N
9,535,81,N
9,536,81,N
9,537,81,N
9,538,81,N
9,539,81,N
9,540,81,N
9,541,81,N
9,542,81,N
9,543,81,N
9,544,81,N
9,545,81,N
9,546,81,N
9,547,81,N
9,548,81,N
9,549,81,N
9,550,81,N
9,551,81,N
9,552,81,N
9,553,81,N
9,554,81,N
9,555,81,N
9,556,81,N
9,557,81,N
9,558,81,N
9,559,81,N
9,560,81,N
9,561,79,H
9,562,81,N
9,563,79,D
9,564,81,N
9,565,81,N
9,566,81,N
9,567,81,N
9,568,81,N
9,569,81,N
9,570,81,N
9,571,81,N
9,572,67,H
9,573,81,N
9,574,81,N
9,575,81,N
9,576,81,N
9,577,81,N
9,578,81,N
9,579,81,N
9,580,81,N
9,581,81,N
9,582,78,H
9,583,81,N
9,584,81,N
9,585,81,N
9,586,81,N
9,587,81,N
9,588,81,N
9,589,81,N
9,590,81,N
9,591,81,N
9,592,81,N
9,593,81,N
9,594,81,N
9,595,81,N
9,596,81,N
9,597,81,N
9,598,81,N
9,599,81,N
9,600,81,N
9,601,81,N
9,602,81,N
9,603,81,N
9,604,81,N
9,605,81,N
9,606,81,N
9,607,81,N
9,608,81,N
9,609,81,N
9,610,81,N
9,611,71,V
9,612,81,N
9,613,81,N
9,614,81,N
9,615,81,N
9,616,62,V
9,617,81,N
9,618,79,D
9,619,81,N
9,620,81,N
9,621,81,N
9,622,81,N
9,623,81,N
9,624,81,N
9,625,81,N
9,626,79,H
9,627,81,N
9,628,81,N
9,629,64,D
9,630,81,N
9,631,81,N
9,632,81,N
9,633,81,N
9,634,81,N
9,635,81,N
9,636,81,N
9,637,81,N
9,638,81,N
9,639,81,N
9,640,81,N
9,641,81,N
9,642,81,N
9,643,81,N
9,644,81,N
9,645,81,N
9,646,81,N
9,647,81,N
9,648,81,N
9,649,81,N
9,650,81,N
9,651,81,N
9,652,81,N
9,653,81,N
9,654,81,N
9,655,81,N
9,656,81,N
9,657,81,N
9,658,81,N
9,659,81,N
9,660,81,N
9,661,81,N
9,662,81,N
9,663,81,N
9,664,73,V
9,665,81,N
9,666,81,N
9,667,81,N
9,668,81,N
9,669,81,N
9,670,81,N
9,671,81,N
9,672,81,N
9,673,81,N
9,674,81,N
9,675,81,N
9,676,68,D
9,677,81,N
9,678,81,N
9,679,81,N
9,680,81,N
9,681,81,N
9,682,81,N
9,683,81,N
9,684,81,N
9,685,81,N
9,686,81,N
9,687,81,N
9,688,81,N
9,689,81,N
9,690,81,N
9,691,81,N
9,692,81,N
9,693,81,N
9,694,81,N
9,695,81,N
9,696,81,N
9,697,81,N
9,698,81,N
9,699,81,N
9,700,81,N
9,701,81,N
9,702,81,N
9,703,81,N
9,704,81,N
9,705,81,N
9,706,81,N
9,707,81,N
9,708,81,N
9,709,81,N
9,710,81,N
9,711,81,N
9,712,81,N
9,713,81,N
9,714,81,N
9,715,81,N
9,716,81,N
9,717,81,N
9,718,81,N
9,719,81,N
9,720,81,N
9,721,81,N
9,722,81,N
9,723,81,N
9,724,81,N
9,725,81,N
9,726,81,N
9,727,81,N
9,728,81,N
9,729,81,N
9,730,81,N
9,731,81,N
9,732,81,N
9,733,81,N
9,734,81,N
9,735,75,H
9,736,81,N
9,737,81,N
9,738,81,N
9,739,81,N
9,740,81,N
9,741,81,N
9,742,81,N
9,743,81,N
9,744,81,N
9,745,81,N
9,746,81,N
9,747,81,N
9,748,81,N
9,749,81,N
9,750,81,N
9,751,81,N
9,752,81,N
9,753,81,N
9,754,81,N
9,755,69,H
9,756,81,N
9,757,81,N
9,758,81,N
9,759,81,N
9,760,81,N
9,761,81,N
9,762,81,N
9,763,81,N
9,764,81,N
9,765,81,N
9,766,81,N
9,767,81,N
9,768,81,N
9,769,81,N
9,770,81,N
9,771,81,N
9,772,81,N
9,773,81,N
9,774,81,N
9,775,81,N
9,776,81,N
9,777,81,N
9,778,81,N
9,779,81,N
9,780,81,N
9,781,81,N
9,782,81,N
9,783,81,N
9,784,81,N
9,785,81,N
9,786,72,H
9,787,81,N
9,788,81,N
9,789,81,N
9,790,81,N
9,791,81,N
9,792,81,N
9,793,81,N
9,794,81,N
9,795,81,N
9,796,81,N
9,797,81,N
9,798,81,N
9,799,81,N
9,800,81,N
9,801,81,N
9,802,81,N
9,803,76,V
9,804,81,N
9,805,81,N
9,806,81,N
9,807,80,H
9,808,81,N
9,809,81,N
9,810,81,N
9,811,81,N
9,812,81,N
9,813,81,N
9,814,81,N
9,815,81,N
9,816,81,N
9,817,81,N
9,818,81,N
9,819,81,N
9,820,81,N
9,821,81,N
9,822,81,N
9,823,81,N
9,824,79,H
9,825,81,N
9,826,81,N
9,827,81,N
9,828,81,N
9,829,81,N
9,830,81,N
9,831,81,N
9,832,81,N
9,833,81,N
9,834,81,N
9,835,81,N
9,836,81,N
9,837,81,N
9,838,81,N
9,839,81,N
9,840,81,N
9,841,81,N
9,842,81,N
9,843,81,N
9,844,81,N
9,845,81,N
9,846,81,N
9,847,81,N
9,848,81,N
9,849,81,N
9,850,81,N
9,851,81,N
9,852,81,N
9,853,81,N
9,854,81,N
9,855,81,N
9,856,81,N
9,857,81,N
9,858,81,N
9,859,81,N
9,860,81,N
9,861,81,N
9,862,81,N
9,863,81,N
9,864,81,N
9,865,81,N
9,866,81,N
9,867,81,N
9,868,81,N
9,869,81,N
9,870,81,N
9,871,81,N
9,872,81,N
9,873,81,N
9,874,81,N
9,875,68,V
9,876,81,N
9,877,81,N
9,878,81,N
9,879,81,N
9,880,81,N
9,881,81,N
9,882,81,N
9,883,81,N
9,884,81,N
9,885,68,V
9,886,81,N
9,887,81,N
9,888,81,N
9,889,81,N
9,890,81,N
9,891,81,N
9,892,81,N
9,893,81,N
9,894,81,N
9,895,81,N
9,896,81,N
9,897,81,N
9,898,81,N
9,899,81,N
9,900,81,N
9,901,81,N
9,902,81,N
9,903,81,N
9,904,81,N
9,905,81,N
9,906,81,N
9,907,81,N
9,908,81,N
9,909,81,N
9,910,81,N
9,911,81,N
9,912,81,N
9,913,81,N
9,914,81,N
9,915,81,N
9,916,81,N
9,917,81,N
9,918,81,N
9,919,81,N
9,920,81,N
9,921,81,N
9,922,81,N
9,923,81,N
9,924,81,N
9,925,80,V
9,926,81,N
9,927,81,N
9,928,81,N
9,929,81,N
9,930,81,N
9,931,81,N
9,932,81,N
9,933,81,N
9,934,81,N
9,935,81,N
9,936,81,N
9,937,81,N
9,938,81,N
9,939,81,N
9,940,70,H
9,941,81,N
9,942,81,N
9,943,81,N
9,944,81,N
9,945,81,N
9,946,81,N
9,947,81,N
9,948,81,N
9,949,81,N
9,950,81,N
9,951,81,N
9,952,81,N
9,953,81,N
9,954,81,N
9,955,81,N
9,956,81,N
9,957,81,N
9,958,81,N
9,959,81,N
9,960,81,N
9,961,81,N
9,962,81,N
9,963,81,N
9,964,81,N
9,965,81,N
9,966,81,N
9,967,81,N
9,968,81,N
9,969,81,N
9,970,81,N
9,971,81,N
9,972,81,N
9,973,81,N
9,974,81,N
9,975,81,N
9,976,81,N
9,977,81,N
9,978,81,N
9,979,81,N
9,980,81,N
9,981,67,H
9,982,81,N
9,983,81,N
9,984,81,N
9,985,81,N
9,986,81,N
9,987,81,N
9,988,81,N
9,989,81,N
9,990,81,N
9,991,81,N
9,992,81,N
9,993,81,N
9,994,76,V
9,995,81,N
9,996,81,N
9,997,81,N
9,998,70,H
9,999,81,N
9,1000,81,N
9,1001,81,N
9,1002,81,N
9,1003,81,N
9,1004,81,N
9,1005,81,N
9,1006,81,N
9,1007,81,N
9,1008,81,N
9,1009,81,N
9,1010,81,N
9,1011,81,N
9,1012,81,N
9,1013,81,N
9,1014,81,N
9,1015,81,H
9,1016,81,N
9,1017,81,N
9,1018,81,N
9,1019,81,N
9,1020,81,N
9,1021,81,N
9,1022,73,D
9,1023,81,N
9,1024,81,N
9,1025,81,N
9,1026,81,N
9,1027,81,N
9,1028,81,N
9,1029,81,N
9,1030,81,N
9,1031,81,N
9,1032,81,N
9,1033,81,N
9,1034,81,N
9,1035,81,N
9,1036,81,N
9,1037,81,N
9,1038,81,N
9,1039,81,N
9,1040,81,N
9,1041,81,N
9,1042,81,N
9,1043,81,N
9,1044,81,N
9,1045,81,N
9,1046,81,N
9,1047,81,N
9,1048,81,N
9,1049,81,N
9,1050,81,N
9,1051,81,N
9,1052,81,N
9,1053,81,N
9,1054,81,N
9,1055,81,N
9,1056,81,N
9,1057,81,N
9,1058,81,N
9,1059,81,N
9,1060,81,N
9,1061,81,N
9,1062,81,N
9,1063,81,N
9,1064,81,N
9,1065,81,N
9,1066,81,N
9,1067,81,N
9,1068,73,H
9,1069,81,N
9,1070,81,N
9,1071,81,N
9,1072,81,N
9,1073,81,N
9,1074,81,N
9,1075,81,N
9,1076,81,N
9,1077,81,N
9,1078,81,N
9,1079,81,N
9,1080,81,N
9,1081,81,N
9,1082,81,N
9,1083,81,N
9,1084,81,N
9,1085,81,N
9,1086,81,N
9,1087,81,N
9,1088,81,N
9,1089,81,N
9,1090,81,N
9,1091,81,N
9,1092,81,N
9,1093,81,N
9,1094,81,N
9,1095,81,N
9,1096,81,N
9,1097,81,N
9,1098,81,N
9,1099,81,N
9,1100,81,N
9,1101,81,N
9,1102,81,N
9,1103,81,N
9,1104,81,N
9,1105,69,D
9,1106,81,N
9,1107,81,N
9,1108,81,N
9,1109,81,N
9,1110,81,N
9,1111,81,N
9,1112,81,N
9,1113,81,N
9,1114,81,N
9,1115,81,N
9,1116,81,N
9,1117,81,N
9,1118,81,N
9,1119,81,N
9,1120,81,N
9,1121,81,N
9,1122,81,N
9,1123,81,N
9,1124,81,N
9,1125,81,N
9,1126,81,N
9,1127,81,N
9,1128,81,N
9,1129,81,N
9,1130,81,N
9,1131,81,N
9,1132,81,N
9,1133,81,N
9,1134,81,N
9,1135,81,N
9,1136,81,N
9,1137,81,N
9,1138,81,N
9,1139,81,N
9,1140,81,N
9,1141,81,N
9,1142,81,N
9,1143,81,N
9,1144,70,V
9,1145,81,N
9,1146,81,N
9,1147,81,N
9,1148,81,N
9,1149,81,N
9,1150,81,N
9,1151,81,N
9,1152,81,N
9,1153,81,N
9,1154,81,N
9,1155,81,N
9,1156,81,N
9,1157,81,N
9,1158,81,N
9,1159,81,N
9,1160,81,N
9,1161,81,N
9,1162,81,N
9,1163,81,N
9,1164,81,N
9,1165,81,N
9,1166,81,N
9,1167,81,N
9,1168,81,N
9,1169,81,N
9,1170,81,N
9,1171,81,N
9,1172,81,N
9,1173,81,N
9,1174,81,N
9,1175,81,N
9,1176,81,N
9,1177,81,N
9,1178,81,N
9,1179,81,N
9,1180,81,N
9,1181,81,N
9,1182,81,N
9,1183,81,N
9,1184,81,N
9,1185,81,N
9,1186,81,N
9,1187,81,N
9,1188,81,N
9,1189,81,N
9,1190,81,N
9,1191,60,H
9,1192,81,N
9,1193,81,N
9,1194,81,N
9,1195,78,V
9,1196,81,N
9,1197,81,N
9,1198,81,N
9,1199,81,N
9,1200,81,N
9,1201,81,N
9,1202,81,N
9,1203,81,N
9,1204,81,N
9,1205,81,N
9,1206,81,N
9,1207,81,N
9,1208,81,N
9,1209,81,N
9,1210,76,V
9,1211,81,N
9,1212,81,N
9,1213,81,N
9,1214,81,N
9,1215,81,N
9,1216,81,N
9,1217,81,N
9,1218,77,H
9,1219,81,N
9,1220,81,H
9,1221,81,N
9,1222,81,N
9,1223,81,N
9,1224,81,N
9,1225,81,N
9,1226,81,N
9,1227,81,N
9,1228,81,N
9,1229,81,N
9,1230,81,N
9,1231,81,N
9,1232,81,N
9,1233,81,N
9,1234,81,N
9,1235,81,N
9,1236,81,N
9,1237,81,N
9,1238,81,N
9,1239,81,N
9,1240,81,N
9,1241,81,N
9,1242,77,H
9,1243,80,V
9,1244,81,N
9,1245,81,N
9,1246,81,N
9,1247,81,N
9,1248,81,N
9,1249,81,N
9,1250,81,N
9,1251,81,N
9,1252,81,N
9,1253,81,N
9,1254,81,N
9,1255,81,N
9,1256,81,N
9,1257,81,N
9,1258,81,N
9,1259,81,N
9,1260,81,N
9,1261,81,N
9,1262,81,N
9,1263,81,H
9,1264,81,N
9,1265,81,N
9,1266,81,N
9,1267,81,N
9,1268,81,N
9,1269,81,N
9,1270,81,N
9,1271,81,N
9,1272,76,H
9,1273,81,N
9,1274,81,N
9,1275,81,N
9,1276,81,N
9,1277,81,N
9,1278,81,N
9,1279,81,N
9,1280,81,N
9,1281,81,N
9,1282,81,N
9,1283,81,N
9,1284,81,N
9,1285,81,N
9,1286,81,N
9,1287,81,N
9,1288,81,N
9,1289,81,N
9,1290,81,N
9,1291,81,N
9,1292,81,N
9,1293,81,N
9,1294,81,N
9,1295,81,N
9,1296,81,N
9,1297,81,N
9,1298,81,N
9,1299,81,N
9,1300,81,N
9,1301,81,N
9,1302,81,N
9,1303,81,N
9,1304,81,N
9,1305,81,N
9,1306,81,N
9,1307,81,N
9,1308,81,N
9,1309,81,N
9,1310,81,N
9,1311,81,N
9,1312,81,N
9,1313,81,N
9,1314,81,N
9,1315,81,N
9,1316,81,N
9,1317,81,N
9,1318,81,N
9,1319,81,N
9,1320,81,N
9,1321,81,N
9,1322,81,N
9,1323,81,N
9,1324,81,N
9,1325,81,N
9,1326,81,N
9,1327,81,N
9,1328,81,N
9,1329,81,N
9,1330,81,N
9,1331,81,N
9,1332,81,N
9,1333,81,N
9,1334,81,N
9,1335,81,N
9,1336,81,N
9,1337,68,H
9,1338,81,N
9,1339,81,N
9,1340,81,N
9,1341,81,N
9,1342,81,N
9,1343,81,N
9,1344,81,N
9,1345,81,N
9,1346,81,N
9,1347,81,N
9,1348,81,N
9,1349,81,N
9,1350,81,N
9,1351,81,N
9,1352,81,N
9,1353,81,N
9,1354,81,N
9,1355,81,N
9,1356,81,N
9,1357,81,N
9,1358,81,N
9,1359,81,N
9,1360,81,N
9,1361,81,N
9,1362,81,N
9,1363,81,N
9,1364,81,N
9,1365,81,N
9,1366,81,N
9,1367,81,N
9,1368,81,N
9,1369,81,N
9,1370,81,N
9,1371,81,N
9,1372,81,N
9,1373,81,N
9,1374,81,N
9,1375,81,N
9,1376,81,N
9,1377,81,N
9,1378,81,N
9,1379,81,N
9,1380,81,N
9,1381,81,N
9,1382,81,N
9,1383,81,N
9,1384,81,N
9,1385,81,N
9,1386,81,N
9,1387,81,N
9,1388,81,N
9,1389,81,N
9,1390,81,N
9,1391,81,N
9,1392,81,N
9,1393,81,N
9,1394,81,N
9,1395,81,N
9,1396,81,N
9,1397,81,N
9,1398,81,N
9,1399,81,N
9,1400,81,N
9,1401,81,N
9,1402,81,N
9,1403,81,N
9,1404,81,N
9,1405,81,N
9,1406,81,N
9,1407,81,N
9,1408,81,N
9,1409,81,N
9,1410,81,N
9,1411,81,N
9,1412,81,N
9,1413,81,N
9,1414,81,N
9,1415,81,N
9,1416,81,N
9,1417,81,N
9,1418,81,N
9,1419,81,N
9,1420,70,H
9,1421,81,N
9,1422,81,N
9,1423,81,N
9,1424,81,N
9,1425,81,N
9,1426,81,N
9,1427,72,H
9,1428,81,N
9,1429,81,N
9,1430,81,N
9,1431,81,N
9,1432,81,N
9,1433,81,N
9,1434,81,N
9,1435,81,N
9,1436,81,N
9,1437,81,N
9,1438,81,N
9,1439,81,N
9,1440,81,N
9,1441,81,N
9,1442,81,N
9,1443,74,H
9,1444,81,N
9,1445,81,N
9,1446,81,N
9,1447,78,H
9,1448,81,N
9,1449,81,N
9,1450,74,V
9,1451,81,N
9,1452,81,N
9,1453,81,N
9,1454,81,N
9,1455,81,N
9,1456,81,N
9,1457,81,N
9,1458,81,N
9,1459,81,N
9,1460,81,N
9,1461,81,N
9,1462,81,N
9,1463,81,N
9,1464,81,N
9,1465,81,N
9,1466,81,N
9,1467,81,N
9,1468,81,N
9,1469,81,N
9,1470,81,N
9,1471,81,N
9,1472,81,N
9,1473,81,N
9,1474,81,N
9,1475,81,N
9,1476,81,N
9,1477,81,N
9,1478,81,N
9,1479,81,N
9,1480,81,N
9,1481,81,N
9,1482,81,N
9,1483,81,N
9,1484,81,N
9,1485,81,N
9,1486,76,H
9,1487,81,N
9,1488,81,N
9,1489,81,N
9,1490,81,N
9,1491,81,N
9,1492,81,N
9,1493,81,N
9,1494,81,N
9,1495,81,N
9,1496,81,N
9,1497,81,N
9,1498,81,N
9,1499,81,N
9,1500,81,N
9,1501,81,N
9,1502,81,N
9,1503,81,N
9,1504,81,N
9,1505,81,N
9,1506,81,N
9,1507,81,N
9,1508,81,N
9,1509,81,N
9,1510,81,N
9,1511,81,N
9,1512,81,N
9,1513,81,N
9,1514,81,N
9,1515,81,N
9,1516,81,N
9,1517,81,N
9,1518,81,N
9,1519,81,N
9,1520,81,N
9,1521,81,N
9,1522,81,N
9,1523,81,N
9,1524,81,N
9,1525,81,N
9,1526,81,N
9,1527,81,N
9,1528,81,N
9,1529,81,N
9,1530,81,N
9,1531,81,N
9,1532,81,N
9,1533,81,N
9,1534,81,N
9,1535,81,N
9,1536,81,N
9,1537,81,N
9,1538,81,N
9,1539,81,N
9,1540,81,N
9,1541,81,N
9,1542,81,N
9,1543,81,N
9,1544,81,N
9,1545,81,N
9,1546,81,N
9,1547,81,N
9,1548,81,N
9,1549,81,N
9,1550,81,N
9,1551,81,N
9,1552,81,N
9,1553,81,N
9,1554,81,N
9,1555,81,N
9,1556,81,N
9,1557,81,N
9,1558,81,N
9,1559,81,N
9,1560,81,N
9,1561,79,V
9,1562,69,H
9,1563,81,N
9,1564,81,N
9,1565,81,N
9,1566,81,N
9,1567,81,N
9,1568,81,N
9,1569,81,N
9,1570,81,N
9,1571,81,N
9,1572,81,N
9,1573,81,N
9,1574,81,N
9,1575,81,N
9,1576,81,N
9,1577,81,N
9,1578,81,N
9,1579,81,N
9,1580,81,N
9,1581,81,N
9,1582,81,N
9,1583,81,N
9,1584,81,N
9,1585,81,N
9,1586,81,N
9,1587,81,N
9,1588,81,N
9,1589,81,N
9,1590,81,N
9,1591,81,N
9,1592,81,N
9,1593,81,N
9,1594,81,N
9,1595,81,N
9,1596,81,N
9,1597,81,N
9,1598,81,N
9,1599,81,N
9,1600,81,N
9,1601,81,N
9,1602,81,N
9,1603,81,N
9,1604,81,N
9,1605,81,N
9,1606,81,N
9,1607,81,N
9,1608,81,N
9,1609,81,N
9,1610,81,N
9,1611,81,N
9,1612,81,N
9,1613,81,N
9,1614,81,N
9,1615,81,N
9,1616,81,N
9,1617,81,N
9,1618,81,N
9,1619,81,N
9,1620,81,N
9,1621,81,N
9,1622,81,N
9,1623,81,N
9,1624,81,N
9,1625,81,N
9,1626,81,N
9,1627,81,N
9,1628,81,N
9,1629,81,N
9,1630,81,N
9,1631,81,N
9,1632,81,N
9,1633,81,N
9,1634,81,N
9,1635,81,N
9,1636,81,N
9,1637,81,N
9,1638,81,N
9,1639,81,N
9,1640,81,N
9,1641,81,N
9,1642,81,N
9,1643,81,N
9,1644,81,N
9,1645,81,N
9,1646,81,N
9,1647,81,N
9,1648,81,N
9,1649,81,N
9,1650,81,N
9,1651,81,N
9,1652,81,N
9,1653,81,N
9,1654,81,N
9,1655,81,N
9,1656,81,N
9,1657,81,N
9,1658,81,N
9,1659,81,N
9,1660,81,N
9,1661,70,H
9,1662,81,N
9,1663,81,N
9,1664,81,N
9,1665,81,N
9,1666,76,H
9,1667,81,N
9,1668,81,N
9,1669,81,N
9,1670,81,N
9,1671,79,H
9,1672,81,N
9,1673,81,N
9,1674,77,H
9,1675,81,N
9,1676,81,N
9,1677,81,N
9,1678,81,N
9,1679,81,N
9,1680,81,N
9,1681,81,N
9,1682,81,N
9,1683,81,N
9,1684,81,N
9,1685,81,N
9,1686,81,N
9,1687,81,N
9,1688,81,N
9,1689,81,N
9,1690,81,N
9,1691,81,N
9,1692,81,N
9,1693,81,N
9,1694,81,N
9,1695,81,N
9,1696,81,N
9,1697,81,N
9,1698,81,N
9,1699,81,N
9,1700,81,N
9,1701,81,N
9,1702,81,N
9,1703,81,H
9,1704,81,N
9,1705,81,N
9,1706,81,N
9,1707,81,N
9,1708,81,N
9,1709,81,N
9,1710,81,N
9,1711,81,N
9,1712,81,N
9,1713,81,N
9,1714,81,N
9,1715,81,N
9,1716,81,N
9,1717,81,N
9,1718,81,N
9,1719,81,N
9,1720,81,N
9,1721,81,N
9,1722,81,N
9,1723,81,N
9,1724,81,N
9,1725,81,N
9,1726,70,H
9,1727,81,N
9,1728,81,N
9,1729,81,N
9,1730,81,N
9,1731,81,N
9,1732,81,N
9,1733,81,N
9,1734,44,V
9,1735,81,N
9,1736,81,N
9,1737,81,N
9,1738,81,N
9,1739,81,N
9,1740,81,N
9,1741,81,N
9,1742,81,N
9,1743,81,N
9,1744,81,N
9,1745,81,N
9,1746,81,N
9,1747,81,N
9,1748,81,N
9,1749,81,N
9,1750,81,N
9,1751,81,N
9,1752,81,N
9,1753,81,N
9,1754,81,N
9,1755,81,N
9,1756,81,N
9,1757,73,H
9,1758,81,N
9,1759,81,N
9,1760,81,N
9,1761,81,N
9,1762,81,N
9,1763,81,N
9,1764,81,N
9,1765,81,N
9,1766,81,N
9,1767,81,N
9,1768,81,N
9,1769,81,N
9,1770,81,N
9,1771,81,N
9,1772,81,N
9,1773,81,N
9,1774,81,N
9,1775,81,N
9,1776,81,N
9,1777,81,N
9,1778,81,N
9,1779,72,V
9,1780,81,N
9,1781,81,N
9,1782,81,N
9,1783,81,N
9,1784,81,N
9,1785,81,N
9,1786,81,N
9,1787,81,N
9,1788,81,N
9,1789,81,N
9,1790,81,N
9,1791,81,N
9,1792,81,N
9,1793,81,N
9,1794,81,N
9,1795,81,N
9,1796,81,N
9,1797,81,N
9,1798,81,N
9,1799,81,N
9,1800,81,N
9,1801,81,N
9,1802,81,N
9,1803,81,N
9,1804,81,N
9,1805,81,N
9,1806,81,N
9,1807,81,N
9,1808,81,N
9,1809,81,N
9,1810,81,N
9,1811,81,N
9,1812,81,N
9,1813,80,V
9,1814,81,N
9,1815,81,N
9,1816,81,N
9,1817,81,N
9,1818,81,N
9,1819,81,N
9,1820,81,N
9,1821,81,N
9,1822,81,N
9,1823,81,N
9,1824,81,N
9,1825,81,N
9,1826,81,N
9,1827,81,N
9,1828,62,H
9,1829,81,N
9,1830,81,N
9,1831,81,N
9,1832,81,N
9,1833,81,N
9,1834,81,N
9,1835,81,N
9,1836,81,N
9,1837,81,N
9,1838,81,N
9,1839,81,N
9,1840,81,N
9,1841,81,N
9,1842,81,N
9,1843,81,N
9,1844,81,N
9,1845,81,N
9,1846,81,N
9,1847,81,N
9,1848,81,N
9,1849,81,N
9,1850,81,N
9,1851,81,N
9,1852,81,N
9,1853,81,N
9,1854,81,N
9,1855,81,N
9,1856,81,N
9,1857,81,N
9,1858,81,N
9,1859,81,N
9,1860,81,N
9,1861,81,N
9,1862,81,N
9,1863,81,N
9,1864,81,N
9,1865,81,N
9,1866,81,N
9,1867,81,N
9,1868,81,N
9,1869,81,N
9,1870,81,N
9,1871,81,N
9,1872,81,N
9,1873,81,N
9,1874,81,N
9,1875,81,N
9,1876,81,N
9,1877,81,N
9,1878,81,N
9,1879,81,N
9,1880,81,N
9,1881,81,N
9,1882,81,N
9,1883,81,N
9,1884,81,N
9,1885,81,N
9,1886,81,N
9,1887,81,N
9,1888,81,N
9,1889,81,N
9,1890,81,N
9,1891,59,H
9,1892,81,N
9,1893,81,N
9,1894,81,N
9,1895,81,N
9,1896,81,N
9,1897,81,N
9,1898,81,N
9,1899,81,N
9,1900,81,N
9,1901,81,N
9,1902,81,N
9,1903,81,N
9,1904,81,N
9,1905,81,N
9,1906,81,N
9,1907,71,V
9,1908,81,N
9,1909,81,N
9,1910,81,N
9,1911,81,N
9,1912,81,N
9,1913,81,N
9,1914,81,N
9,1915,81,N
9,1916,81,N
9,1917,81,N
9,1918,81,N
9,1919,81,N
9,1920,81,N
9,1921,81,N
9,1922,81,N
9,1923,81,N
9,1924,81,N
9,1925,81,N
9,1926,81,N
9,1927,81,N
9,1928,81,N
9,1929,81,N
9,1930,81,N
9,1931,81,N
9,1932,81,N
9,1933,81,N
9,1934,81,N
9,1935,81,N
9,1936,81,N
9,1937,81,N
9,1938,81,N
9,1939,81,N
9,1940,81,N
9,1941,81,N
9,1942,81,N
9,1943,81,N
9,1944,81,N
9,1945,81,N
9,1946,81,N
9,1947,81,N
9,1948,81,N
9,1949,81,N
9,1950,81,N
9,1951,81,N
9,1952,81,N
9,1953,81,N
9,1954,81,N
9,1955,81,N
9,1956,81,N
9,1957,81,N
9,1958,81,N
9,1959,81,N
9,1960,81,N
9,1961,81,N
9,1962,81,N
9,1963,81,N
9,1964,81,N
9,1965,81,N
9,1966,81,N
9,1967,81,N
9,1968,81,N
9,1969,81,N
9,1970,81,N
9,1971,81,N
9,1972,81,N
9,1973,81,N
9,1974,81,N
9,1975,81,N
9,1976,81,N
9,1977,81,N
9,1978,81,N
9,1979,81,N
9,1980,81,N
9,1981,71,V
9,1982,81,N
9,1983,81,N
9,1984,81,N
9,1985,81,N
9,1986,81,N
9,1987,81,N
9,1988,81,N
9,1989,81,N
9,1990,81,N
9,1991,81,N
9,1992,81,N
9,1993,81,N
9,1994,81,N
9,1995,81,N
9,1996,81,N
9,1997,81,N
9,1998,81,N
9,1999,81,N
9,2000,81,N
9,2001,81,N
9,2002,81,N
9,2003,81,N
9,2004,81,N
9,2005,81,N
9,2006,81,N
9,2007,81,N
9,2008,81,N
9,2009,81,N
9,2010,81,N
9,2011,81,N
9,2012,81,N
9,2013,81,N
9,2014,81,N
9,2015,81,N
9,2016,81,N
9,2017,81,N
9,2018,81,N
9,2019,81,N
9,2020,81,N
9,2021,81,N
9,2022,81,H
9,2023,81,N
9,2024,81,N
9,2025,81,N
9,2026,81,N
9,2027,81,N
9,2028,81,N
9,2029,81,N
9,2030,81,N
9,2031,81,N
9,2032,81,N
9,2033,81,N
9,2034,81,N
9,2035,81,N
9,2036,81,N
9,2037,81,N
9,2038,81,N
9,2039,81,N
9,2040,81,N
9,2041,81,N
9,2042,81,N
9,2043,81,N
9,2044,81,V
9,2045,81,N
9,2046,81,N
9,2047,81,N
9,2048,81,N
9,2049,81,N
9,2050,81,N
9,2051,81,N
9,2052,81,N
9,2053,81,N
9,2054,81,N
9,2055,81,N
9,2056,81,N
9,2057,81,N
9,2058,81,N
9,2059,81,N
9,2060,81,N
9,2061,81,N
9,2062,81,N
9,2063,81,N
9,2064,78,V
9,2065,81,N
9,2066,81,N
9,2067,81,N
9,2068,81,N
9,2069,81,N
9,2070,81,N
9,2071,81,N
9,2072,81,N
9,2073,81,N
9,2074,81,N
9,2075,81,H
9,2076,81,N
9,2077,81,N
9,2078,81,N
9,2079,81,N
9,2080,81,N
9,2081,81,N
9,2082,81,N
9,2083,81,N
9,2084,81,N
9,2085,81,N
9,2086,81,N
9,2087,81,N
9,2088,81,N
9,2089,81,N
9,2090,81,N
9,2091,81,N
9,2092,81,N
9,2093,81,N
9,2094,81,N
9,2095,81,N
9,2096,81,N
9,2097,81,N
9,2098,81,N
9,2099,81,N
9,2100,81,N
9,2101,81,N
9,2102,81,N
9,2103,81,N
9,2104,81,N
9,2105,81,N
9,2106,81,N
9,2107,81,N
9,2108,76,V
9,2109,77,V
9,2110,81,N
9,2111,81,N
9,2112,81,N
9,2113,81,N
9,2114,81,N
9,2115,81,N
9,2116,81,N
9,2117,81,N
9,2118,81,N
9,2119,81,N
9,2120,81,N
9,2121,81,N
9,2122,81,N
9,2123,81,N
9,2124,81,N
9,2125,81,N
9,2126,49,V
9,2127,81,N
9,2128,81,N
9,2129,81,N
9,2130,81,N
9,2131,81,N
9,2132,81,N
9,2133,81,N
9,2134,81,N
9,2135,81,N
9,2136,81,N
9,2137,81,N
9,2138,81,N
9,2139,81,N
9,2140,81,N
9,2141,66,V
9,2142,81,N
9,2143,81,N
9,2144,81,N
9,2145,81,N
9,2146,81,N
9,2147,81,N
9,2148,81,N
9,2149,81,N
9,2150,81,N
9,2151,81,N
9,2152,81,N
9,2153,81,N
9,2154,81,N
9,2155,81,N
9,2156,81,N
9,2157,81,N
9,2158,81,N
9,2159,81,N
9,2160,81,N
9,2161,81,N
9,2162,81,N
9,2163,81,N
9,2164,81,N
9,2165,81,N
9,2166,81,N
9,2167,81,N
9,2168,81,N
9,2169,81,N
9,2170,81,N
9,2171,81,N
9,2172,81,N
9,2173,81,N
9,2174,81,N
9,2175,81,N
9,2176,81,N
9,2177,81,N
9,2178,81,N
9,2179,81,N
9,2180,81,N
9,2181,81,N
9,2182,81,N
9,2183,81,N
9,2184,81,N
9,2185,81,N
9,2186,81,N
9,2187,81,N
9,2188,81,N
9,2189,81,N
9,2190,81,N
9,2191,81,N
9,2192,73,V
9,2193,81,N
9,2194,81,N
9,2195,81,N
9,2196,81,N
9,2197,81,N
9,2198,81,N
9,2199,81,N
9,2200,81,N
9,2201,81,N
9,2202,81,N
9,2203,81,N
9,2204,81,N
9,2205,81,N
9,2206,81,N
9,2207,81,N
9,2208,81,N
9,2209,81,N
9,2210,81,N
9,2211,81,N
9,2212,81,N
9,2213,81,N
9,2214,81,N
9,2215,81,N
9,2216,81,N
9,2217,81,N
9,2218,81,N
9,2219,81,N
9,2220,81,N
9,2221,81,N
9,2222,79,H
9,2223,81,N
9,2224,81,N
9,2225,81,N
9,2226,81,N
9,2227,81,N
9,2228,81,N
9,2229,81,N
9,2230,81,N
9,2231,73,D
9,2232,81,N
9,2233,81,N
9,2234,81,H
9,2235,81,N
9,2236,81,N
9,2237,81,N
9,2238,81,N
9,2239,81,N
9,2240,81,N
9,2241,81,N
9,2242,77,V
9,2243,81,N
9,2244,81,N
9,2245,81,N
9,2246,81,N
9,2247,81,N
9,2248,81,N
9,2249,81,N
9,2250,81,N
9,2251,81,N
9,2252,81,N
9,2253,81,N
9,2254,81,N
9,2255,81,N
9,2256,81,N
9,2257,81,N
9,2258,81,N
9,2259,81,N
9,2260,81,N
9,2261,81,N
9,2262,81,N
9,2263,81,N
9,2264,81,N
9,2265,81,N
9,2266,81,N
9,2267,81,N
9,2268,81,N
9,2269,81,N
9,2270,81,N
9,2271,77,H
9,2272,81,N
9,2273,81,N
9,2274,81,N
9,2275,81,N
9,2276,81,N
9,2277,81,N
9,2278,81,N
9,2279,78,V
9,2280,79,H
9,2281,81,N
9,2282,81,N
9,2283,81,N
9,2284,74,V
9,2285,81,N
9,2286,81,N
9,2287,81,N
9,2288,81,N
9,2289,81,N
9,2290,81,N
9,2291,81,N
9,2292,81,N
9,2293,81,N
9,2294,81,N
9,2295,81,N
9,2296,81,N
9,2297,81,N
9,2298,81,N
9,2299,81,N
9,2300,81,N
9,2301,81,N
9,2302,81,N
9,2303,81,N
9,2304,81,N
9,2305,81,N
9,2306,81,N
9,2307,81,N
9,2308,81,N
9,2309,81,N
9,2310,81,N
9,2311,81,N
9,2312,81,N
9,2313,81,N
9,2314,81,N
9,2315,81,N
9,2316,81,N
9,2317,81,N
9,2318,81,N
9,2319,81,N
9,2320,79,H
9,2321,81,N
9,2322,81,N
9,2323,81,N
9,2324,81,N
9,2325,81,N
9,2326,81,N
9,2327,81,N
9,2328,81,N
9,2329,81,N
9,2330,81,N
9,2331,81,N
9,2332,81,N
9,2333,81,N
9,2334,81,N
9,2335,81,N
9,2336,81,N
9,2337,81,N
9,2338,81,N
9,2339,81,N
9,2340,81,N
9,2341,81,N
9,2342,81,N
9,2343,81,N
9,2344,81,N
9,2345,81,N
9,2346,81,N
9,2347,81,N
9,2348,81,N
9,2349,81,N
9,2350,81,N
9,2351,80,V
9,2352,81,N
9,2353,81,N
9,2354,81,N
9,2355,81,N
9,2356,77,H
9,2357,81,N
9,2358,81,N
9,2359,81,N
9,2360,81,N
9,2361,66,V
9,2362,81,N
9,2363,81,N
9,2364,81,N
9,2365,81,N
9,2366,81,N
9,2367,81,N
9,2368,81,N
9,2369,81,N
9,2370,81,N
9,2371,81,N
9,2372,81,N
9,2373,81,N
9,2374,81,N
9,2375,81,N
9,2376,81,N
9,2377,81,N
9,2378,81,N
9,2379,81,N
9,2380,81,N
9,2381,80,V
9,2382,81,N
9,2383,81,N
9,2384,81,N
9,2385,81,N
9,2386,81,N
9,2387,81,N
9,2388,81,N
9,2389,81,N
9,2390,81,N
9,2391,81,N
9,2392,81,N
9,2393,81,N
9,2394,81,N
9,2395,81,N
9,2396,81,N
9,2397,81,N
9,2398,81,N
9,2399,81,N
9,2400,81,N
9,2401,81,N
9,2402,81,N
9,2403,81,N
9,2404,81,N
9,2405,81,N
9,2406,81,N
9,2407,81,N
9,2408,81,N
9,2409,81,N
9,2410,81,N
9,2411,81,N
9,2412,81,N
9,2413,81,N
9,2414,81,N
9,2415,81,N
9,2416,81,N
9,2417,81,N
9,2418,81,N
9,2419,81,N
9,2420,81,N
9,2421,81,N
9,2422,81,N
9,2423,81,N
9,2424,81,N
9,2425,81,N
9,2426,81,N
9,2427,81,N
9,2428,81,N
9,2429,81,N
9,2430,81,N
9,2431,81,N
9,2432,81,N
9,2433,81,N
9,2434,81,N
9,2435,81,N
9,2436,81,N
9,2437,81,N
9,2438,81,N
9,2439,78,V
9,2440,81,N
9,2441,58,V
9,2442,81,N
9,2443,81,N
9,2444,81,N
9,2445,81,N
9,2446,81,N
9,2447,81,N
9,2448,81,N
9,2449,81,N
9,2450,72,H
9,2451,81,N
9,2452,77,V
9,2453,75,V
9,2454,81,N
9,2455,81,N
9,2456,81,N
9,2457,81,N
9,2458,81,N
9,2459,81,N
9,2460,81,N
9,2461,81,N
9,2462,81,N
9,2463,81,N
9,2464,81,N
9,2465,81,N
9,2466,81,N
9,2467,81,N
9,2468,81,N
9,2469,81,N
9,2470,81,N
9,2471,81,N
9,2472,81,N
9,2473,81,N
9,2474,81,N
9,2475,81,N
9,2476,81,N
9,2477,81,N
9,2478,81,N
9,2479,81,N
9,2480,81,N
9,2481,81,N
9,2482,81,N
9,2483,81,N
9,2484,81,N
9,2485,79,V
9,2486,81,N
9,2487,81,N
9,2488,81,N
9,2489,81,N
9,2490,77,H
9,2491,81,N
9,2492,81,N
9,2493,81,N
9,2494,81,N
9,2495,81,N
9,2496,81,N
9,2497,81,N
9,2498,81,N
9,2499,81,N
9,2500,81,N
9,2501,81,N
9,2502,81,N
9,2503,81,N
9,2504,81,N
9,2505,81,N
9,2506,81,N
9,2507,81,N
9,2508,81,N
9,2509,81,N
9,2510,81,N
9,2511,81,N
9,2512,81,N
9,2513,81,N
9,2514,81,N
9,2515,81,N
9,2516,73,V
9,2517,81,N
9,2518,81,N
9,2519,81,N
9,2520,81,N
9,2521,81,N
9,2522,81,N
9,2523,81,N
9,2524,81,N
9,2525,81,N
9,2526,81,N
9,2527,81,N
9,2528,81,N
9,2529,81,N
9,2530,81,N
9,2531,81,N
9,2532,81,N
9,2533,81,N
9,2534,74,V
9,2535,81,N
9,2536,81,N
9,2537,81,N
9,2538,81,N
9,2539,81,N
9,2540,81,N
9,2541,81,N
9,2542,81,N
9,2543,81,N
9,2544,81,N
9,2545,81,N
9,2546,81,N
9,2547,81,N
9,2548,81,N
9,2549,81,N
9,2550,81,N
9,2551,81,N
9,2552,81,N
9,2553,81,N
9,2554,81,N
9,2555,81,N
9,2556,81,N
9,2557,81,N
9,2558,81,N
9,2559,81,N
9,2560,81,N
9,2561,81,N
9,2562,81,N
9,2563,81,N
9,2564,79,H
9,2565,81,N
9,2566,81,N
9,2567,81,N
9,2568,81,N
9,2569,81,N
9,2570,81,N
9,2571,81,N
9,2572,81,N
9,2573,81,N
9,2574,81,N
9,2575,81,N
9,2576,81,N
9,2577,81,N
9,2578,81,N
9,2579,81,N
9,2580,81,N
9,2581,81,N
9,2582,81,N
9,2583,81,N
9,2584,81,N
9,2585,81,N
9,2586,81,N
9,2587,81,N
9,2588,81,N
9,2589,81,N
9,2590,81,N
9,2591,81,N
9,2592,81,N
9,2593,81,N
9,2594,74,D
9,2595,81,N
9,2596,81,N
9,2597,81,N
9,2598,81,N
9,2599,81,N
9,2600,81,N
9,2601,81,N
9,2602,81,N
9,2603,81,N
9,2604,81,N
9,2605,78,V
9,2606,81,N
9,2607,81,N
9,2608,81,N
9,2609,81,N
9,2610,81,N
9,2611,81,N
9,2612,81,N
9,2613,81,N
9,2614,75,H
9,2615,81,N
9,2616,52,V
9,2617,81,N
9,2618,81,N
9,2619,81,N
9,2620,81,N
9,2621,81,N
9,2622,81,N
9,2623,81,N
9,2624,81,N
9,2625,81,N
9,2626,81,N
9,2627,81,N
9,2628,81,N
9,2629,81,N
9,2630,81,N
9,2631,81,N
9,2632,81,N
9,2633,81,N
9,2634,81,N
9,2635,81,N
9,2636,81,N
9,2637,81,N
9,2638,81,N
9,2639,81,N
9,2640,81,N
9,2641,81,N
9,2642,81,N
9,2643,81,N
9,2644,55,V
9,2645,81,N
9,2646,81,N
9,2647,81,N
9,2648,81,N
9,2649,81,N
9,2650,81,N
9,2651,81,N
9,2652,81,N
9,2653,81,N
9,2654,81,N
9,2655,81,N
9,2656,81,N
9,2657,81,N
9,2658,81,N
9,2659,81,N
9,2660,81,N
9,2661,81,N
9,2662,81,N
9,2663,81,N
9,2664,81,N
9,2665,81,N
9,2666,81,H
9,2667,81,N
9,2668,81,N
9,2669,81,N
9,2670,81,N
9,2671,81,N
9,2672,81,N
9,2673,81,N
9,2674,81,N
9,2675,81,N
9,2676,81,N
9,2677,81,N
9,2678,81,N
9,2679,81,N
9,2680,81,N
9,2681,81,N
9,2682,81,N
9,2683,81,N
9,2684,81,N
9,2685,81,N
9,2686,81,N
9,2687,81,N
9,2688,81,N
9,2689,77,V
9,2690,81,N
9,2691,81,N
9,2692,81,N
9,2693,81,N
9,2694,81,N
9,2695,81,N
9,2696,81,N
9,2697,81,N
9,2698,81,N
9,2699,81,N
9,2700,81,N
9,2701,81,N
9,2702,75,D
9,2703,81,N
9,2704,76,V
9,2705,81,N
9,2706,81,N
9,2707,81,N
9,2708,81,N
9,2709,81,N
9,2710,75,H
9,2711,81,N
9,2712,81,N
9,2713,81,N
9,2714,81,N
9,2715,79,D
9,2716,81,N
9,2717,81,N
9,2718,81,N
9,2719,81,N
9,2720,81,N
9,2721,81,N
9,2722,81,N
9,2723,81,N
9,2724,81,N
9,2725,81,N
9,2726,81,N
9,2727,81,N
9,2728,81,N
9,2729,81,N
9,2730,81,N
9,2731,74,H
9,2732,81,N
9,2733,81,N
9,2734,81,N
9,2735,81,N
9,2736,81,N
9,2737,81,N
9,2738,81,N
9,2739,81,N
9,2740,81,N
9,2741,81,N
9,2742,81,N
9,2743,81,N
9,2744,81,N
9,2745,81,N
9,2746,81,N
9,2747,81,N
9,2748,81,N
9,2749,81,N
9,2750,81,N
9,2751,81,N
9,2752,81,N
9,2753,81,N
9,2754,81,N
9,2755,81,N
9,2756,81,N
9,2757,81,N
9,2758,81,N
9,2759,81,N
9,2760,81,N
9,2761,81,N
9,2762,81,N
9,2763,81,N
9,2764,81,N
9,2765,81,N
9,2766,81,N
9,2767,81,N
9,2768,81,N
9,2769,81,N
9,2770,81,N
9,2771,81,N
9,2772,81,N
9,2773,81,N
9,2774,81,N
9,2775,81,N
9,2776,81,N
9,2777,81,N
9,2778,81,N
9,2779,81,N
9,2780,81,N
9,2781,81,D
9,2782,81,N
9,2783,81,N
9,2784,81,N
9,2785,81,N
9,2786,81,H
9,2787,81,N
9,2788,81,N
9,2789,81,N
9,2790,81,N
9,2791,81,N
9,2792,79,V
9,2793,81,N
9,2794,81,N
9,2795,81,N
9,2796,81,N
9,2797,81,N
9,2798,81,N
9,2799,81,N
9,2800,81,N
9,2801,81,N
9,2802,81,N
9,2803,81,N
9,2804,67,V
9,2805,81,N
9,2806,81,N
9,2807,81,N
9,2808,81,N
9,2809,77,V
9,2810,81,N
9,2811,81,N
9,2812,81,N
9,2813,81,N
9,2814,81,N
9,2815,75,H
9,2816,81,N
9,2817,81,N
9,2818,81,N
9,2819,81,N
9,2820,81,N
9,2821,81,N
9,2822,81,N
9,2823,81,N
9,2824,81,N
9,2825,78,D
9,2826,81,N
9,2827,81,N
9,2828,81,N
9,2829,81,N
9,2830,81,N
9,2831,81,N
9,2832,81,N
9,2833,81,N
9,2834,81,N
9,2835,81,N
9,2836,81,N
9,2837,81,N
9,2838,81,N
9,2839,81,N
9,2840,81,N
9,2841,81,N
9,2842,81,N
9,2843,81,N
9,2844,81,N
9,2845,81,N
9,2846,81,N
9,2847,80,V
9,2848,81,N
9,2849,81,N
9,2850,81,N
9,2851,81,N
9,2852,81,N
9,2853,81,N
9,2854,81,N
9,2855,81,N
9,2856,81,N
9,2857,81,N
9,2858,81,N
9,2859,81,N
9,2860,81,N
9,2861,81,N
9,2862,81,N
9,2863,81,N
9,2864,81,N
9,2865,81,N
9,2866,81,N
9,2867,81,N
9,2868,81,N
9,2869,81,N
9,2870,81,N
9,2871,81,N
9,2872,81,N
9,2873,81,N
9,2874,81,N
9,2875,81,N
9,2876,81,N
9,2877,81,N
9,2878,81,N
9,2879,81,N
9,2880,81,N
9,2881,81,N
9,2882,81,N
9,2883,81,N
9,2884,81,N
9,2885,81,N
9,2886,81,N
9,2887,81,N
9,2888,81,N
9,2889,81,N
9,2890,81,N
9,2891,81,N
9,2892,81,N
9,2893,81,N
9,2894,81,N
9,2895,81,N
9,2896,81,N
9,2897,81,N
9,2898,81,N
9,2899,81,N
9,2900,81,N
9,2901,81,N
9,2902,81,N
9,2903,81,N
9,2904,71,V
9,2905,81,N
9,2906,81,N
9,2907,81,N
9,2908,81,N
9,2909,81,N
9,2910,81,N
9,2911,81,N
9,2912,81,N
9,2913,81,N
9,2914,81,N
9,2915,81,N
9,2916,81,N
9,2917,81,N
9,2918,81,N
9,2919,81,N
9,2920,81,N
9,2921,81,N
9,2922,81,H
9,2923,81,N
9,2924,81,N
9,2925,81,N
9,2926,81,N
9,2927,81,N
9,2928,81,N
9,2929,81,N
9,2930,81,N
9,2931,81,N
9,2932,81,N
9,2933,81,N
9,2934,81,N
9,2935,81,N
9,2936,81,N
9,2937,69,V
9,2938,81,N
9,2939,81,N
9,2940,81,N
9,2941,81,N
9,2942,81,N
9,2943,81,N
9,2944,81,N
9,2945,81,N
9,2946,81,N
9,2947,81,N
9,2948,81,N
9,2949,81,N
9,2950,81,N
9,2951,81,N
9,2952,81,N
9,2953,81,N
9,2954,78,H
9,2955,81,N
9,2956,81,H
9,2957,81,N
9,2958,81,N
9,2959,81,N
9,2960,81,N
9,2961,73,V
9,2962,81,N
9,2963,81,N
9,2964,81,N
9,2965,81,N
9,2966,81,N
9,2967,81,N
9,2968,81,N
9,2969,81,N
9,2970,81,N
9,2971,81,N
9,2972,81,N
9,2973,81,N
9,2974,81,N
9,2975,81,N
9,2976,81,N
9,2977,81,N
9,2978,81,N
9,2979,81,N
9,2980,60,V
9,2981,81,N
9,2982,81,N
9,2983,81,N
9,2984,81,N
9,2985,81,N
9,2986,81,N
9,2987,81,N
9,2988,81,N
9,2989,81,N
9,2990,81,N
9,2991,81,N
9,2992,79,V
9,2993,81,N
9,2994,81,N
9,2995,81,N
9,2996,81,N
9,2997,81,N
9,2998,81,N
9,2999,81,N
9,3000,81,N
9,3001,81,N
9,3002,81,N
9,3003,81,N
9,3004,81,N
9,3005,81,N
9,3006,75,V
9,3007,81,N
9,3008,81,N
9,3009,81,N
9,3010,81,N
9,3011,81,N
9,3012,81,N
9,3013,81,N
9,3014,81,N
9,3015,81,N
9,3016,81,N
9,3017,81,N
9,3018,70,H
9,3019,81,N
9,3020,81,N
9,3021,81,N
9,3022,81,N
9,3023,81,N
9,3024,81,N
9,3025,81,N
9,3026,81,N
9,3027,81,N
9,3028,81,N
9,3029,81,N
9,3030,81,N
9,3031,81,N
9,3032,81,N
9,3033,81,N
9,3034,81,N
9,3035,81,N
9,3036,71,H
9,3037,81,N
9,3038,81,N
9,3039,81,N
9,3040,81,N
9,3041,81,N
9,3042,81,N
9,3043,81,N
9,3044,81,N
9,3045,81,N
9,3046,81,N
9,3047,81,N
9,3048,81,N
9,3049,81,N
9,3050,81,N
9,3051,81,N
9,3052,81,N
9,3053,81,N
9,3054,81,N
9,3055,81,N
9,3056,81,N
9,3057,81,N
9,3058,81,N
9,3059,81,N
9,3060,81,N
9,3061,81,N
9,3062,81,N
9,3063,81,N
9,3064,81,N
9,3065,81,N
9,3066,81,N
9,3067,81,N
9,3068,81,N
9,3069,81,N
9,3070,81,N
9,3071,81,N
9,3072,81,N
9,3073,81,N
9,3074,81,V
9,3075,81,N
9,3076,81,N
9,3077,81,N
9,3078,81,N
9,3079,81,N
9,3080,81,N
9,3081,81,N
9,3082,81,N
9,3083,81,N
9,3084,81,N
9,3085,81,N
9,3086,81,N
9,3087,81,N
9,3088,81,N
9,3089,81,N
9,3090,81,N
9,3091,81,N
9,3092,81,N
9,3093,81,N
9,3094,81,N
9,3095,81,N
9,3096,81,N
9,3097,81,N
9,3098,81,N
9,3099,81,N
9,3100,81,N
9,3101,81,N
9,3102,81,N
9,3103,81,N
9,3104,81,N
9,3105,81,N
9,3106,81,N
9,3107,81,N
9,3108,81,N
9,3109,81,N
9,3110,81,N
9,3111,81,N
9,3112,81,N
9,3113,81,N
9,3114,81,N
9,3115,81,N
9,3116,79,H
9,3117,81,N
9,3118,81,N
9,3119,81,N
9,3120,81,N
9,3121,81,N
9,3122,81,N
9,3123,81,N
9,3124,55,V
9,3125,81,N
9,3126,81,N
9,3127,81,N
9,3128,81,N
9,3129,81,N
9,3130,81,N
9,3131,81,N
9,3132,81,N
9,3133,81,N
9,3134,81,N
9,3135,81,N
9,3136,81,N
9,3137,81,N
9,3138,81,N
9,3139,81,N
9,3140,81,N
9,3141,81,N
9,3142,81,N
9,3143,81,N
9,3144,81,N
9,3145,81,N
9,3146,81,N
9,3147,81,N
9,3148,81,N
9,3149,81,N
9,3150,81,N
9,3151,81,N
9,3152,81,N
9,3153,81,N
9,3154,81,N
9,3155,81,N
9,3156,81,N
9,3157,81,N
9,3158,81,N
9,3159,81,N
9,3160,81,N
9,3161,81,N
9,3162,81,N
9,3163,81,N
9,3164,81,N
9,3165,81,N
9,3166,81,N
9,3167,81,N
9,3168,81,N
9,3169,81,N
9,3170,81,N
9,3171,81,N
9,3172,81,N
9,3173,81,N
9,3174,81,N
9,3175,76,D
9,3176,81,N
9,3177,81,N
9,3178,81,N
9,3179,81,N
9,3180,81,N
9,3181,81,N
9,3182,81,N
9,3183,81,N
9,3184,81,N
9,3185,81,N
9,3186,81,N
9,3187,81,N
9,3188,81,N
9,3189,81,N
9,3190,81,N
9,3191,81,N
9,3192,81,N
9,3193,81,N
9,3194,81,N
9,3195,81,N
9,3196,81,N
9,3197,81,N
9,3198,81,N
9,3199,81,N
9,3200,81,N
9,3201,81,N
9,3202,81,N
9,3203,81,N
9,3204,81,N
9,3205,81,N
9,3206,81,N
9,3207,81,N
9,3208,81,N
9,3209,61,H
9,3210,81,N
9,3211,81,N
9,3212,81,N
9,3213,81,N
9,3214,81,N
9,3215,81,N
9,3216,81,N
9,3217,81,N
9,3218,81,N
9,3219,81,N
9,3220,81,N
9,3221,81,N
9,3222,81,N
9,3223,81,N
9,3224,81,N
9,3225,81,N
9,3226,81,N
9,3227,81,N
9,3228,81,N
9,3229,81,N
9,3230,81,N
9,3231,81,N
9,3232,81,N
9,3233,81,N
9,3234,81,N
9,3235,81,N
9,3236,81,N
9,3237,81,N
9,3238,81,N
9,3239,81,N
9,3240,81,N
9,3241,81,N
9,3242,81,N
9,3243,81,N
9,3244,81,N
9,3245,81,N
9,3246,81,N
9,3247,81,N
9,3248,81,N
9,3249,81,N
9,3250,81,N
9,3251,81,N
9,3252,81,N
9,3253,81,N
9,3254,81,N
9,3255,81,N
9,3256,81,N
9,3257,81,N
9,3258,81,N
9,3259,81,N
9,3260,81,N
9,3261,81,N
9,3262,81,N
9,3263,81,N
9,3264,81,N
9,3265,81,N
9,3266,81,N
9,3267,81,N
9,3268,74,H
9,3269,81,N
9,3270,81,N
9,3271,81,N
9,3272,81,N
9,3273,81,N
9,3274,81,N
9,3275,81,N
9,3276,81,N
9,3277,81,N
9,3278,81,N
9,3279,81,N
9,3280,81,N
9,3281,81,N
9,3282,81,N
9,3283,81,N
9,3284,81,N
9,3285,81,N
9,3286,81,N
9,3287,81,N
9,3288,81,N
9,3289,81,N
9,3290,81,N
9,3291,81,N
9,3292,81,N
9,3293,81,N
9,3294,81,N
9,3295,81,N
9,3296,81,N
9,3297,81,N
9,3298,81,N
9,3299,81,N
9,3300,81,N
9,3301,81,N
9,3302,59,V
9,3303,81,N
9,3304,81,N
9,3305,81,N
9,3306,81,N
9,3307,81,N
9,3308,81,N
9,3309,81,N
9,3310,81,N
9,3311,81,N
9,3312,81,N
9,3313,81,N
9,3314,81,N
9,3315,81,N
9,3316,81,N
9,3317,81,N
9,3318,81,N
9,3319,81,N
9,3320,81,N
9,3321,81,N
9,3322,81,N
9,3323,81,N
9,3324,81,N
9,3325,81,N
9,3326,81,N
9,3327,81,N
9,3328,81,N
9,3329,81,N
9,3330,81,N
9,3331,81,N
9,3332,81,N
9,3333,81,N
9,3334,81,N
9,3335,81,N
9,3336,81,N
9,3337,81,N
9,3338,81,N
9,3339,81,N
9,3340,81,N
9,3341,81,N
9,3342,81,N
9,3343,81,N
9,3344,81,N
9,3345,81,N
9,3346,81,N
9,3347,81,N
9,3348,81,N
9,3349,81,N
9,3350,81,N
9,3351,81,N
9,3352,81,N
9,3353,81,N
9,3354,81,N
9,3355,81,N
9,3356,81,N
9,3357,81,N
9,3358,81,N
9,3359,81,N
9,3360,81,N
9,3361,81,N
9,3362,74,H
9,3363,75,V
9,3364,81,N
9,3365,81,N
9,3366,81,N
9,3367,81,N
9,3368,81,N
9,3369,81,N
9,3370,81,N
9,3371,81,N
9,3372,81,N
9,3373,81,N
9,3374,81,N
9,3375,81,N
9,3376,81,N
9,3377,81,N
9,3378,81,N
9,3379,81,N
9,3380,81,N
9,3381,81,N
9,3382,81,N
9,3383,81,N
9,3384,81,N
9,3385,81,N
9,3386,81,N
9,3387,81,N
9,3388,81,N
9,3389,81,N
9,3390,81,N
9,3391,81,N
9,3392,81,N
9,3393,81,N
9,3394,81,N
9,3395,81,N
9,3396,81,N
9,3397,81,N
9,3398,81,N
9,3399,81,N
9,3400,81,N
9,3401,81,N
9,3402,81,N
9,3403,81,N
9,3404,81,N
9,3405,81,N
9,3406,81,H
9,3407,81,N
9,3408,76,V
9,3409,81,N
9,3410,81,N
9,3411,81,N
9,3412,81,N
9,3413,81,N
9,3414,81,N
9,3415,81,N
9,3416,81,N
9,3417,81,N
9,3418,81,N
9,3419,81,N
9,3420,79,H
9,3421,81,N
9,3422,81,N
9,3423,81,N
9,3424,81,N
9,3425,76,H
9,3426,81,N
9,3427,81,N
9,3428,81,N
9,3429,81,N
9,3430,81,N
9,3431,81,N
9,3432,81,N
9,3433,81,N
9,3434,81,N
9,3435,81,N
9,3436,81,N
9,3437,81,N
9,3438,81,N
9,3439,76,D
9,3440,81,N
9,3441,81,N
9,3442,81,N
9,3443,69,V
9,3444,81,N
9,3445,81,N
9,3446,81,N
9,3447,81,N
9,3448,81,N
9,3449,81,N
9,3450,81,N
9,3451,81,N
9,3452,81,N
9,3453,81,N
9,3454,81,N
9,3455,81,N
9,3456,81,N
9,3457,81,N
9,3458,81,N
9,3459,32,H
9,3460,81,N
9,3461,81,N
9,3462,81,N
9,3463,81,N
9,3464,81,N
9,3465,81,N
9,3466,81,N
9,3467,81,N
9,3468,81,N
9,3469,81,N
9,3470,81,N
9,3471,81,N
9,3472,81,N
9,3473,81,N
9,3474,81,N
9,3475,81,N
9,3476,81,N
9,3477,81,N
9,3478,81,N
9,3479,81,N
9,3480,81,N
9,3481,67,H
9,3482,81,N
9,3483,81,N
9,3484,81,N
9,3485,81,N
9,3486,81,N
9,3487,81,N
9,3488,81,N
9,3489,81,N
9,3490,81,N
9,3491,81,N
9,3492,81,N
9,3493,81,N
9,3494,81,N
9,3495,80,H
9,3496,81,N
9,3497,81,N
9,3498,81,N
9,3499,81,N
9,3500,81,N
9,3501,81,N
9,3502,81,N
9,3503,81,N
9,3504,81,N
9,3505,81,N
9,3506,81,N
9,3507,81,N
9,3508,81,N
9,3509,81,N
9,3510,81,N
9,3511,81,N
9,3512,81,N
9,3513,81,N
9,3514,81,N
9,3515,81,N
9,3516,81,N
9,3517,81,N
9,3518,81,N
9,3519,81,N
9,3520,81,N
9,3521,81,N
9,3522,81,N
9,3523,81,N
9,3524,78,V
9,3525,81,N
9,3526,81,N
9,3527,81,N
9,3528,81,N
9,3529,81,N
9,3530,81,N
9,3531,81,N
9,3532,81,N
9,3533,81,N
9,3534,81,N
9,3535,81,N
9,3536,81,N
9,3537,81,N
9,3538,81,N
9,3539,81,N
9,3540,81,N
9,3541,81,N
9,3542,81,N
9,3543,81,N
9,3544,81,N
9,3545,81,N
9,3546,81,N
9,3547,81,N
9,3548,81,N
9,3549,81,N
9,3550,81,N
9,3551,81,N
9,3552,81,N
9,3553,81,N
9,3554,81,N
9,3555,81,N
9,3556,81,N
9,3557,81,N
9,3558,81,N
9,3559,81,N
9,3560,81,N
9,3561,81,N
9,3562,81,N
9,3563,81,N
9,3564,81,N
9,3565,81,N
9,3566,81,N
9,3567,77,H
9,3568,81,N
9,3569,81,N
9,3570,81,N
9,3571,81,N
9,3572,81,N
9,3573,81,N
9,3574,81,N
9,3575,81,N
9,3576,81,N
9,3577,81,N
9,3578,81,N
9,3579,81,N
9,3580,81,N
9,3581,81,N
9,3582,81,N
9,3583,81,N
9,3584,81,N
9,3585,81,N
9,3586,81,N
9,3587,81,N
9,3588,81,N
9,3589,81,N
9,3590,81,N
9,3591,81,N
9,3592,74,H
9,3593,81,N
9,3594,81,N
9,3595,81,N
9,3596,81,N
9,3597,81,N
9,3598,81,N
9,3599,81,N
9,3600,81,N
9,3601,81,N
9,3602,79,D
9,3603,81,N
9,3604,81,N
9,3605,81,N
9,3606,81,N
9,3607,81,N
9,3608,81,N
9,3609,81,N
9,3610,81,N
9,3611,81,N
9,3612,81,N
9,3613,81,N
9,3614,81,N
9,3615,81,N
9,3616,81,N
9,3617,81,N
9,3618,81,N
9,3619,78,H
9,3620,81,N
9,3621,81,N
9,3622,81,N
9,3623,81,N
9,3624,81,N
9,3625,81,N
9,3626,81,N
9,3627,81,N
9,3628,81,N
9,3629,81,N
9,3630,81,N
9,3631,81,N
9,3632,81,N
9,3633,81,N
9,3634,81,N
9,3635,81,N
9,3636,81,N
9,3637,81,N
9,3638,81,N
9,3639,81,N
9,3640,81,N
9,3641,81,N
9,3642,81,N
9,3643,81,N
9,3644,81,N
9,3645,81,N
9,3646,81,N
9,3647,81,N
9,3648,81,N
9,3649,81,N
9,3650,81,N
9,3651,74,H
9,3652,81,N
9,3653,81,N
9,3654,81,N
9,3655,81,N
9,3656,81,N
9,3657,81,N
9,3658,81,N
9,3659,81,N
9,3660,81,N
9,3661,81,N
9,3662,81,N
9,3663,81,N
9,3664,81,N
9,3665,81,N
9,3666,81,N
9,3667,81,N
9,3668,81,N
9,3669,81,N
9,3670,81,N
9,3671,81,N
9,3672,81,N
9,3673,81,N
9,3674,81,N
9,3675,81,N
9,3676,81,N
9,3677,81,N
9,3678,81,N
9,3679,81,N
9,3680,81,N
9,3681,81,N
9,3682,81,N
9,3683,81,N
9,3684,81,N
9,3685,81,N
9,3686,81,N
9,3687,81,N
9,3688,81,N
9,3689,81,N
9,3690,81,N
9,3691,81,N
9,3692,81,N
9,3693,81,N
9,3694,81,N
9,3695,81,N
9,3696,81,N
9,3697,81,N
9,3698,81,N
9,3699,81,N
9,3700,81,N
9,3701,81,N
9,3702,81,N
9,3703,81,N
9,3704,81,N
9,3705,81,N
9,3706,81,N
9,3707,81,N
9,3708,81,N
9,3709,81,N
9,3710,81,N
9,3711,81,N
9,3712,81,N
9,3713,81,N
9,3714,81,N
9,3715,81,N
9,3716,81,N
9,3717,81,N
9,3718,81,N
9,3719,81,N
9,3720,81,N
9,3721,81,N
9,3722,69,V
9,3723,81,N
9,3724,79,H
9,3725,81,N
9,3726,81,N
9,3727,81,N
9,3728,81,N
9,3729,81,N
9,3730,69,H
9,3731,81,N
9,3732,81,N
9,3733,81,N
9,3734,81,N
9,3735,81,N
9,3736,81,N
9,3737,81,N
9,3738,81,N
9,3739,81,N
9,3740,81,N
9,3741,81,N
9,3742,81,N
9,3743,81,N
9,3744,81,N
9,3745,81,N
9,3746,81,N
9,3747,81,N
9,3748,81,N
9,3749,77,D
9,3750,81,N
9,3751,81,N
9,3752,81,N
9,3753,81,N
9,3754,81,N
9,3755,81,N
9,3756,81,N
9,3757,81,N
9,3758,81,N
9,3759,81,N
9,3760,81,N
9,3761,81,N
9,3762,81,N
9,3763,81,N
9,3764,81,N
9,3765,81,N
9,3766,81,N
9,3767,81,N
9,3768,81,N
9,3769,81,N
9,3770,81,N
9,3771,81,N
9,3772,81,N
9,3773,81,N
9,3774,81,N
9,3775,81,N
9,3776,81,N
9,3777,81,N
9,3778,81,N
9,3779,81,N
9,3780,81,N
9,3781,81,H
9,3782,81,N
9,3783,81,N
9,3784,81,N
9,3785,81,N
9,3786,81,N
9,3787,81,N
9,3788,81,N
9,3789,74,V
9,3790,81,N
9,3791,81,N
9,3792,81,N
9,3793,81,N
9,3794,81,N
9,3795,81,N
9,3796,81,N
9,3797,81,N
9,3798,81,N
9,3799,81,N
9,3800,60,V
9,3801,81,N
9,3802,81,N
9,3803,81,N
9,3804,81,N
9,3805,81,N
9,3806,81,N
9,3807,81,N
9,3808,81,N
9,3809,81,N
9,3810,81,N
9,3811,81,N
9,3812,81,N
9,3813,81,N
9,3814,81,N
9,3815,81,N
9,3816,81,N
9,3817,81,N
9,3818,81,N
9,3819,81,N
9,3820,81,N
9,3821,81,N
9,3822,81,N
9,3823,81,N
9,3824,81,N
9,3825,81,N
9,3826,81,N
9,3827,81,N
9,3828,81,N
9,3829,81,N
9,3830,81,N
9,3831,81,N
9,3832,81,N
9,3833,81,N
9,3834,81,N
9,3835,81,N
9,3836,81,N
9,3837,81,N
9,3838,81,N
9,3839,81,N
9,3840,81,N
9,3841,81,N
9,3842,81,N
9,3843,81,N
9,3844,81,N
9,3845,81,N
9,3846,81,N
9,3847,81,N
9,3848,81,N
9,3849,81,N
9,3850,81,N
9,3851,81,N
9,3852,81,N
9,3853,81,N
9,3854,81,N
9,3855,81,N
9,3856,69,H
9,3857,81,N
9,3858,81,N
9,3859,81,N
9,3860,81,N
9,3861,81,N
9,3862,81,N
9,3863,73,V
9,3864,81,N
9,3865,81,N
9,3866,81,N
9,3867,81,N
9,3868,81,N
9,3869,81,N
9,3870,81,N
9,3871,81,N
9,3872,76,H
9,3873,81,N
9,3874,81,N
9,3875,81,N
9,3876,81,N
9,3877,81,N
9,3878,81,N
9,3879,81,N
9,3880,81,N
9,3881,81,N
9,3882,81,N
9,3883,81,N
9,3884,81,N
9,3885,81,N
9,3886,78,V
9,3887,81,N
9,3888,77,V
9,3889,81,N
9,3890,81,N
9,3891,81,N
9,3892,81,N
9,3893,81,N
9,3894,81,N
9,3895,81,N
9,3896,81,N
9,3897,81,N
9,3898,81,N
9,3899,81,N
9,3900,81,N
9,3901,81,N
9,3902,81,N
9,3903,81,N
9,3904,81,N
9,3905,81,N
9,3906,81,N
9,3907,81,N
9,3908,81,N
9,3909,81,N
9,3910,81,N
9,3911,81,N
9,3912,81,N
9,3913,81,N
9,3914,81,N
9,3915,81,N
9,3916,81,N
9,3917,81,N
9,3918,81,N
9,3919,81,N
9,3920,81,N
9,3921,81,N
9,3922,81,N
9,3923,81,N
9,3924,81,N
9,3925,81,N
9,3926,81,N
9,3927,80,V
9,3928,81,N
9,3929,81,N
9,3930,81,N
9,3931,81,N
9,3932,81,N
9,3933,81,N
9,3934,81,N
9,3935,81,N
9,3936,81,N
9,3937,81,N
9,3938,81,N
9,3939,81,N
9,3940,81,N
9,3941,81,N
9,3942,81,N
9,3943,81,N
9,3944,81,N
9,3945,81,N
9,3946,81,N
9,3947,81,N
9,3948,81,N
9,3949,81,N
9,3950,81,N
9,3951,81,N
9,3952,81,N
9,3953,81,N
9,3954,81,N
9,3955,81,N
9,3956,81,N
9,3957,81,N
9,3958,81,N
9,3959,81,N
9,3960,81,N
9,3961,81,N
9,3962,81,N
9,3963,81,N
9,3964,81,N
9,3965,81,N
9,3966,81,N
9,3967,81,N
9,3968,81,N
9,3969,81,N
9,3970,81,N
9,3971,81,N
9,3972,81,N
9,3973,81,N
9,3974,81,N
9,3975,81,N
9,3976,81,N
9,3977,81,N
9,3978,81,N
9,3979,81,N
9,3980,81,N
9,3981,81,N
9,3982,81,N
9,3983,81,N
9,3984,81,N
9,3985,81,N
9,3986,81,N
9,3987,81,N
9,3988,81,N
9,3989,81,N
9,3990,81,N
9,3991,81,N
9,3992,81,N
9,3993,81,N
9,3994,81,N
9,3995,81,N
9,3996,81,N
9,3997,81,N
9,3998,81,N
9,3999,81,N
9,4000,81,N
9,4001,81,N
9,4002,81,N
9,4003,81,N
9,4004,81,N
9,4005,81,N
9,4006,81,N
9,4007,81,N
9,4008,81,N
9,4009,81,N
9,4010,81,N
9,4011,81,N
9,4012,81,N
9,4013,81,N
9,4014,81,N
9,4015,81,N
9,4016,81,N
9,4017,81,N
9,4018,81,N
9,4019,81,N
9,4020,81,N
9,4021,81,N
9,4022,81,N
9,4023,81,N
9,4024,81,N
9,4025,81,N
9,4026,81,N
9,4027,81,N
9,4028,81,N
9,4029,81,N
9,4030,81,N
9,4031,81,N
9,4032,81,N
9,4033,81,N
9,4034,81,N
9,4035,81,N
9,4036,81,N
9,4037,81,N
9,4038,81,N
9,4039,78,D
9,4040,81,N
9,4041,81,N
9,4042,81,N
9,4043,81,V
9,4044,81,N
9,4045,81,N
9,4046,81,N
9,4047,81,N
9,4048,81,N
9,4049,81,N
9,4050,81,N
9,4051,81,N
9,4052,81,N
9,4053,81,N
9,4054,81,N
9,4055,81,N
9,4056,81,N
9,4057,81,N
9,4058,81,N
9,4059,78,V
9,4060,81,N
9,4061,81,N
9,4062,81,N
9,4063,81,N
9,4064,81,N
9,4065,81,N
9,4066,81,N
9,4067,81,N
9,4068,81,N
9,4069,81,N
9,4070,81,N
9,4071,81,N
9,4072,81,N
9,4073,81,N
9,4074,81,N
9,4075,81,N
9,4076,81,N
9,4077,81,N
9,4078,81,N
9,4079,81,N
9,4080,76,D
9,4081,81,N
9,4082,81,N
9,4083,81,N
9,4084,81,N
9,4085,81,N
9,4086,81,N
9,4087,81,N
9,4088,81,N
9,4089,81,N
9,4090,81,N
9,4091,81,N
9,4092,81,N
9,4093,81,N
9,4094,81,N
9,4095,81,N
9,4096,81,N
9,4097,81,N
9,4098,81,N
9,4099,79,D
9,4100,81,N
9,4101,81,N
9,4102,81,N
9,4103,81,N
9,4104,81,N
9,4105,81,N
9,4106,81,N
9,4107,81,N
9,4108,81,N
9,4109,81,N
9,4110,81,N
9,4111,59,V
9,4112,81,N
9,4113,81,N
9,4114,81,N
9,4115,81,N
9,4116,81,N
9,4117,81,N
9,4118,81,N
9,4119,64,V
9,4120,81,N
9,4121,81,N
9,4122,81,N
9,4123,81,N
9,4124,81,N
9,4125,81,N
9,4126,81,N
9,4127,81,N
9,4128,81,N
9,4129,81,N
9,4130,81,N
9,4131,81,N
9,4132,81,N
9,4133,81,N
9,4134,81,N
9,4135,81,N
9,4136,81,N
9,4137,73,D
9,4138,81,N
9,4139,81,N
9,4140,81,N
9,4141,81,N
9,4142,81,N
9,4143,73,V
9,4144,81,N
9,4145,81,N
9,4146,81,N
9,4147,81,N
9,4148,81,N
9,4149,81,N
9,4150,81,N
9,4151,81,N
9,4152,81,N
9,4153,75,V
9,4154,81,N
9,4155,81,N
9,4156,81,N
9,4157,81,N
9,4158,81,N
9,4159,81,N
9,4160,81,N
9,4161,81,N
9,4162,81,N
9,4163,81,N
9,4164,81,N
9,4165,81,N
9,4166,81,N
9,4167,70,H
9,4168,81,N
9,4169,81,N
9,4170,81,N
9,4171,81,N
9,4172,81,N
9,4173,81,N
9,4174,81,N
9,4175,81,N
9,4176,81,N
9,4177,81,N
9,4178,77,H
9,4179,81,N
9,4180,81,N
9,4181,81,N
9,4182,81,N
9,4183,81,N
9,4184,81,N
9,4185,81,N
9,4186,81,N
9,4187,81,N
9,4188,81,N
9,4189,81,N
9,4190,81,N
9,4191,81,N
9,4192,81,N
9,4193,81,N
9,4194,81,N
9,4195,81,N
9,4196,81,N
9,4197,81,N
9,4198,81,N
9,4199,81,N
9,4200,81,N
9,4201,81,N
9,4202,81,N
9,4203,81,N
9,4204,81,N
9,4205,81,N
9,4206,81,N
9,4207,81,N
9,4208,81,V
9,4209,81,N
9,4210,81,N
9,4211,81,N
9,4212,81,N
9,4213,81,N
9,4214,81,N
9,4215,81,N
9,4216,81,N
9,4217,81,N
9,4218,81,N
9,4219,81,N
9,4220,81,N
9,4221,81,N
9,4222,81,N
9,4223,81,N
9,4224,81,N
9,4225,81,N
9,4226,81,N
9,4227,81,N
9,4228,81,N
9,4229,81,N
9,4230,81,N
9,4231,81,N
9,4232,81,N
9,4233,81,N
9,4234,81,N
9,4235,81,N
9,4236,81,N
9,4237,81,N
9,4238,81,N
9,4239,81,N
9,4240,81,N
9,4241,81,N
9,4242,81,N
9,4243,73,H
9,4244,81,N
9,4245,81,N
9,4246,81,N
9,4247,81,N
9,4248,81,N
9,4249,81,N
9,4250,81,N
9,4251,81,N
9,4252,81,N
9,4253,81,N
9,4254,81,N
9,4255,81,N
9,4256,81,N
9,4257,81,N
9,4258,81,N
9,4259,68,H
9,4260,81,N
9,4261,81,N
9,4262,81,N
9,4263,81,N
9,4264,81,N
9,4265,81,N
9,4266,81,N
9,4267,81,N
9,4268,81,N
9,4269,81,N
9,4270,81,N
9,4271,81,N
9,4272,81,N
9,4273,75,H
9,4274,81,N
9,4275,81,N
9,4276,81,N
9,4277,81,N
9,4278,81,N
9,4279,81,N
9,4280,81,N
9,4281,81,N
9,4282,77,H
9,4283,81,N
9,4284,81,N
9,4285,81,N
9,4286,81,N
9,4287,81,N
9,4288,81,N
9,4289,81,N
9,4290,81,N
9,4291,81,N
9,4292,81,N
9,4293,81,N
9,4294,81,N
9,4295,81,N
9,4296,81,N
9,4297,81,N
9,4298,81,N
9,4299,81,N
9,4300,81,N
9,4301,81,N
9,4302,81,N
9,4303,81,N
9,4304,80,H
9,4305,81,N
9,4306,81,N
9,4307,81,N
9,4308,81,N
9,4309,81,N
9,4310,81,N
9,4311,81,N
9,4312,81,N
9,4313,81,N
9,4314,81,N
9,4315,81,N
9,4316,81,N
9,4317,81,N
9,4318,81,N
9,4319,81,N
9,4320,81,N
9,4321,81,N
9,4322,81,N
9,4323,81,N
9,4324,81,N
9,4325,81,N
9,4326,81,N
9,4327,81,N
9,4328,81,N
9,4329,81,N
9,4330,81,N
9,4331,81,N
9,4332,81,N
9,4333,81,N
9,4334,81,N
9,4335,81,N
9,4336,81,N
9,4337,81,N
9,4338,81,N
9,4339,81,N
9,4340,81,N
9,4341,81,N
9,4342,81,N
9,4343,81,N
9,4344,81,N
9,4345,81,N
9,4346,81,N
9,4347,81,N
9,4348,81,N
9,4349,81,N
9,4350,81,N
9,4351,81,N
9,4352,81,N
9,4353,81,N
9,4354,81,N
9,4355,81,N
9,4356,81,N
9,4357,81,N
9,4358,81,N
9,4359,81,N
9,4360,81,N
9,4361,81,N
9,4362,81,N
9,4363,81,N
9,4364,81,N
9,4365,81,N
9,4366,81,N
9,4367,81,N
9,4368,81,N
9,4369,81,N
9,4370,81,N
9,4371,81,N
9,4372,81,N
9,4373,81,N
9,4374,81,N
9,4375,81,N
9,4376,81,N
9,4377,81,N
9,4378,81,N
9,4379,81,N
9,4380,81,N
9,4381,81,N
9,4382,81,N
9,4383,81,N
9,4384,81,N
9,4385,81,N
9,4386,81,N
9,4387,81,N
9,4388,81,N
9,4389,81,N
9,4390,81,N
9,4391,81,N
9,4392,81,N
9,4393,81,N
9,4394,81,N
9,4395,81,N
9,4396,81,N
9,4397,81,N
9,4398,81,N
9,4399,81,N
9,4400,81,N
9,4401,81,N
9,4402,81,N
9,4403,81,N
9,4404,81,N
9,4405,81,N
9,4406,81,N
9,4407,81,N
9,4408,81,N
9,4409,81,N
9,4410,81,N
9,4411,81,N
9,4412,81,N
9,4413,81,N
9,4414,81,N
9,4415,81,N
9,4416,81,N
9,4417,81,N
9,4418,81,N
9,4419,81,N
9,4420,81,N
9,4421,69,H
9,4422,81,N
9,4423,81,N
9,4424,81,N
9,4425,81,N
9,4426,81,N
9,4427,81,N
9,4428,81,N
9,4429,81,N
9,4430,81,N
9,4431,81,N
9,4432,74,V
9,4433,81,N
9,4434,81,N
9,4435,81,N
9,4436,81,N
9,4437,81,N
9,4438,81,N
9,4439,81,N
9,4440,81,N
9,4441,81,N
9,4442,81,N
9,4443,81,N
9,4444,81,N
9,4445,81,N
9,4446,81,N
9,4447,81,N
9,4448,81,N
9,4449,81,N
9,4450,81,N
9,4451,81,N
9,4452,81,N
9,4453,81,N
9,4454,81,N
9,4455,80,D
9,4456,80,H
9,4457,81,N
9,4458,81,N
9,4459,81,N
9,4460,81,N
9,4461,81,N
9,4462,81,N
9,4463,81,N
9,4464,81,N
9,4465,81,N
9,4466,81,N
9,4467,81,N
9,4468,81,N
9,4469,81,N
9,4470,73,D
9,4471,81,N
9,4472,81,N
9,4473,81,N
9,4474,81,N
9,4475,81,N
9,4476,81,N
9,4477,81,N
9,4478,81,N
9,4479,78,V
9,4480,81,N
9,4481,81,N
9,4482,81,N
9,4483,81,N
9,4484,81,N
9,4485,81,N
9,4486,81,N
9,4487,81,N
9,4488,81,N
9,4489,81,N
9,4490,81,N
9,4491,81,N
9,4492,81,N
9,4493,81,N
9,4494,81,N
9,4495,81,N
9,4496,81,N
9,4497,81,N
9,4498,81,N
9,4499,81,N
9,4500,81,N
9,4501,81,N
9,4502,81,N
9,4503,81,N
9,4504,81,N
9,4505,81,N
9,4506,81,N
9,4507,81,N
9,4508,81,N
9,4509,81,N
9,4510,81,N
9,4511,81,N
9,4512,81,N
9,4513,81,H
9,4514,81,N
9,4515,81,N
9,4516,81,N
9,4517,81,N
9,4518,81,N
9,4519,81,N
9,4520,81,N
9,4521,81,N
9,4522,81,N
9,4523,81,N
9,4524,81,N
9,4525,81,N
9,4526,81,N
9,4527,81,N
9,4528,81,N
9,4529,81,N
9,4530,81,N
9,4531,81,N
9,4532,81,N
9,4533,81,N
9,4534,81,N
9,4535,81,N
9,4536,81,N
9,4537,81,N
9,4538,81,N
9,4539,81,N
9,4540,81,N
9,4541,81,N
9,4542,81,N
9,4543,81,N
9,4544,81,N
9,4545,81,N
9,4546,81,N
9,4547,81,N
9,4548,81,N
9,4549,81,N
9,4550,81,N
9,4551,81,N
9,4552,81,N
9,4553,81,N
9,4554,81,N
9,4555,81,N
9,4556,75,D
9,4557,81,N
9,4558,81,N
9,4559,81,N
9,4560,81,N
9,4561,81,N
9,4562,81,N
9,4563,81,N
9,4564,81,N
9,4565,81,N
9,4566,81,N
9,4567,81,N
9,4568,81,N
9,4569,81,N
9,4570,81,N
9,4571,81,N
9,4572,81,N
9,4573,81,N
9,4574,81,N
9,4575,81,N
9,4576,81,N
9,4577,72,V
9,4578,81,N
9,4579,81,N
9,4580,81,N
9,4581,81,N
9,4582,81,N
9,4583,81,N
9,4584,81,N
9,4585,81,N
9,4586,72,H
9,4587,81,N
9,4588,81,N
9,4589,80,V
9,4590,81,N
9,4591,81,N
9,4592,81,N
9,4593,81,N
9,4594,81,N
9,4595,81,N
9,4596,81,N
9,4597,81,N
9,4598,74,D
9,4599,81,N
9,4600,81,N
9,4601,81,N
9,4602,81,N
9,4603,81,N
9,4604,81,N
9,4605,77,H
9,4606,81,N
9,4607,81,N
9,4608,81,N
9,4609,81,N
9,4610,81,N
9,4611,81,N
9,4612,81,N
9,4613,81,N
9,4614,81,N
9,4615,81,N
9,4616,81,N
9,4617,81,N
9,4618,81,N
9,4619,81,N
9,4620,81,N
9,4621,81,N
9,4622,81,N
9,4623,81,N
9,4624,81,N
9,4625,81,N
9,4626,81,N
9,4627,81,N
9,4628,81,N
9,4629,81,N
9,4630,81,N
9,4631,81,N
9,4632,81,N
9,4633,81,N
9,4634,81,V
9,4635,81,N
9,4636,81,N
9,4637,81,H
9,4638,81,N
9,4639,81,N
9,4640,81,N
9,4641,81,N
9,4642,81,N
9,4643,81,N
9,4644,81,N
9,4645,81,N
9,4646,81,N
9,4647,81,N
9,4648,81,N
9,4649,81,N
9,4650,81,N
9,4651,81,N
9,4652,81,N
9,4653,81,N
9,4654,81,N
9,4655,81,N
9,4656,81,N
9,4657,81,N
9,4658,81,N
9,4659,81,N
9,4660,81,N
9,4661,81,N
9,4662,81,N
9,4663,81,N
9,4664,81,N
9,4665,81,N
9,4666,81,N
9,4667,81,N
9,4668,81,N
9,4669,81,N
9,4670,81,N
9,4671,81,N
9,4672,81,N
9,4673,81,N
9,4674,81,N
9,4675,81,N
9,4676,81,N
9,4677,81,N
9,4678,81,N
9,4679,81,N
9,4680,81,N
9,4681,81,N
9,4682,81,N
9,4683,81,N
9,4684,81,N
9,4685,81,N
9,4686,81,N
9,4687,81,N
9,4688,70,V
9,4689,81,N
9,4690,81,N
9,4691,81,N
9,4692,81,N
9,4693,81,N
9,4694,81,N
9,4695,81,N
9,4696,81,N
9,4697,81,N
9,4698,81,N
9,4699,81,N
9,4700,81,N
9,4701,81,N
9,4702,81,N
9,4703,75,V
9,4704,81,N
9,4705,81,N
9,4706,81,N
9,4707,81,N
9,4708,81,N
9,4709,81,N
9,4710,81,N
9,4711,81,N
9,4712,81,N
9,4713,81,N
9,4714,81,N
9,4715,81,N
9,4716,81,N
9,4717,81,N
9,4718,81,N
9,4719,80,V
9,4720,81,N
9,4721,81,N
9,4722,81,N
9,4723,81,N
9,4724,81,N
9,4725,81,N
9,4726,81,N
9,4727,81,N
9,4728,81,N
9,4729,81,N
9,4730,81,N
9,4731,81,N
9,4732,81,N
9,4733,81,N
9,4734,81,N
9,4735,81,N
9,4736,81,N
9,4737,81,N
9,4738,81,N
9,4739,81,N
9,4740,81,N
9,4741,81,N
9,4742,80,V
9,4743,81,N
9,4744,81,N
9,4745,81,N
9,4746,81,N
9,4747,81,N
9,4748,81,N
9,4749,81,N
9,4750,81,N
9,4751,81,N
9,4752,81,N
9,4753,81,N
9,4754,81,N
9,4755,81,N
9,4756,81,N
9,4757,81,N
9,4758,81,N
9,4759,81,N
9,4760,81,N
9,4761,81,N
9,4762,81,N
9,4763,81,N
9,4764,81,N
9,4765,81,N
9,4766,81,N
9,4767,81,N
9,4768,81,N
9,4769,81,N
9,4770,81,N
9,4771,81,N
9,4772,81,N
9,4773,81,N
9,4774,81,N
9,4775,81,N
9,4776,81,N
9,4777,81,N
9,4778,81,N
9,4779,81,N
9,4780,81,N
9,4781,81,N
9,4782,81,N
9,4783,81,N
9,4784,81,N
9,4785,81,N
9,4786,81,N
9,4787,81,N
9,4788,81,N
9,4789,81,N
9,4790,81,N
9,4791,81,N
9,4792,81,N
9,4793,81,N
9,4794,81,N
9,4795,81,N
9,4796,81,N
9,4797,81,N
9,4798,81,N
9,4799,81,N
9,4800,81,N
9,4801,81,N
9,4802,81,N
9,4803,81,N
9,4804,81,N
9,4805,81,N
9,4806,81,N
9,4807,81,N
9,4808,81,N
9,4809,81,N
9,4810,81,N
9,4811,81,N
9,4812,81,N
9,4813,81,N
9,4814,81,N
9,4815,81,N
9,4816,81,N
9,4817,81,N
9,4818,81,N
9,4819,81,N
9,4820,81,N
9,4821,81,N
9,4822,81,N
9,4823,81,N
9,4824,81,N
9,4825,81,N
9,4826,81,N
9,4827,78,H
9,4828,81,N
9,4829,81,N
9,4830,81,N
9,4831,81,N
9,4832,81,N
9,4833,81,N
9,4834,81,N
9,4835,81,N
9,4836,81,N
9,4837,81,N
9,4838,81,N
9,4839,81,N
9,4840,81,N
9,4841,81,N
9,4842,81,N
9,4843,81,N
9,4844,81,N
9,4845,81,N
9,4846,81,N
9,4847,70,V
9,4848,81,N
9,4849,81,N
9,4850,81,N
9,4851,81,N
9,4852,81,N
9,4853,81,N
9,4854,81,N
9,4855,81,N
9,4856,81,N
9,4857,81,N
9,4858,77,H
9,4859,81,N
9,4860,81,N
9,4861,81,N
9,4862,81,N
9,4863,81,N
9,4864,81,N
9,4865,81,N
9,4866,81,N
9,4867,81,N
9,4868,81,N
9,4869,81,N
9,4870,81,N
9,4871,81,N
9,4872,81,N
9,4873,81,N
9,4874,81,N
9,4875,81,N
9,4876,81,N
9,4877,81,N
9,4878,81,N
9,4879,81,N
9,4880,81,N
9,4881,81,N
9,4882,81,N
9,4883,81,N
9,4884,71,H
9,4885,81,N
9,4886,81,N
9,4887,81,N
9,4888,81,N
9,4889,81,N
9,4890,81,N
9,4891,81,N
9,4892,81,N
9,4893,68,H
9,4894,81,N
9,4895,68,V
9,4896,77,V
9,4897,81,N
9,4898,81,N
9,4899,81,N
9,4900,81,N
9,4901,81,N
9,4902,81,N
9,4903,81,N
9,4904,81,N
9,4905,78,V
9,4906,81,N
9,4907,81,N
9,4908,81,N
9,4909,81,N
9,4910,81,N
9,4911,81,N
9,4912,81,N
9,4913,81,N
9,4914,81,N
9,4915,81,N
9,4916,81,N
9,4917,81,N
9,4918,81,N
9,4919,81,N
9,4920,81,N
9,4921,81,N
9,4922,81,N
9,4923,81,N
9,4924,81,N
9,4925,81,N
9,4926,81,N
9,4927,81,N
9,4928,81,N
9,4929,81,N
9,4930,81,N
9,4931,81,N
9,4932,81,N
9,4933,81,N
9,4934,81,N
9,4935,81,N
9,4936,81,N
9,4937,81,N
9,4938,81,N
9,4939,81,N
9,4940,81,N
9,4941,81,N
9,4942,81,N
9,4943,81,N
9,4944,81,N
9,4945,81,N
9,4946,81,N
9,4947,81,N
9,4948,81,N
9,4949,81,N
9,4950,81,N
9,4951,81,N
9,4952,81,N
9,4953,81,N
9,4954,81,N
9,4955,81,N
9,4956,81,N
9,4957,81,N
9,4958,81,N
9,4959,81,N
9,4960,81,N
9,4961,81,N
9,4962,81,N
9,4963,81,N
9,4964,81,N
9,4965,81,N
9,4966,81,N
9,4967,81,N
9,4968,81,N
9,4969,81,N
9,4970,81,N
9,4971,81,N
9,4972,81,N
9,4973,81,N
9,4974,81,N
9,4975,81,N
9,4976,81,N
9,4977,81,N
9,4978,81,N
9,4979,81,N
9,4980,81,N
9,4981,81,N
9,4982,81,N
9,4983,81,N
9,4984,81,N
9,4985,81,N
9,4986,81,N
9,4987,81,N
9,4988,81,N
9,4989,81,N
9,4990,81,N
9,4991,81,N
9,4992,81,N
9,4993,81,N
9,4994,81,N
9,4995,81,N
9,4996,81,N
9,4997,81,N
9,4998,81,N
9,4999,81,N
